-- phpMyAdmin SQL Dump
-- version 5.2.0
-- https://www.phpmyadmin.net/
--
-- Host: localhost:3306
-- Generation Time: Apr 28, 2023 at 04:23 AM
-- Server version: 8.0.30
-- PHP Version: 8.1.10

SET SQL_MODE = "NO_AUTO_VALUE_ON_ZERO";
START TRANSACTION;
SET time_zone = "+00:00";


/*!40101 SET @OLD_CHARACTER_SET_CLIENT=@@CHARACTER_SET_CLIENT */;
/*!40101 SET @OLD_CHARACTER_SET_RESULTS=@@CHARACTER_SET_RESULTS */;
/*!40101 SET @OLD_COLLATION_CONNECTION=@@COLLATION_CONNECTION */;
/*!40101 SET NAMES utf8mb4 */;

--
-- Database: `ecommerce`
--

-- --------------------------------------------------------

--
-- Table structure for table `auth_assignment`
--

CREATE TABLE `auth_assignment` (
  `item_name` varchar(64) CHARACTER SET utf8mb3 COLLATE utf8mb3_unicode_ci NOT NULL,
  `user_id` varchar(64) CHARACTER SET utf8mb3 COLLATE utf8mb3_unicode_ci NOT NULL,
  `created_at` int DEFAULT NULL
) ENGINE=InnoDB DEFAULT CHARSET=utf8mb3 COLLATE=utf8mb3_unicode_ci;

--
-- Dumping data for table `auth_assignment`
--

INSERT INTO `auth_assignment` (`item_name`, `user_id`, `created_at`) VALUES
('Administrador', '1', 1677807726),
('DemoRol', '2', 1677807737);

-- --------------------------------------------------------

--
-- Table structure for table `auth_item`
--

CREATE TABLE `auth_item` (
  `name` varchar(64) CHARACTER SET utf8mb3 COLLATE utf8mb3_unicode_ci NOT NULL,
  `type` smallint NOT NULL,
  `description` text CHARACTER SET utf8mb3 COLLATE utf8mb3_unicode_ci,
  `rule_name` varchar(64) CHARACTER SET utf8mb3 COLLATE utf8mb3_unicode_ci DEFAULT NULL,
  `data` blob,
  `created_at` int DEFAULT NULL,
  `updated_at` int DEFAULT NULL
) ENGINE=InnoDB DEFAULT CHARSET=utf8mb3 COLLATE=utf8mb3_unicode_ci;

--
-- Dumping data for table `auth_item`
--

INSERT INTO `auth_item` (`name`, `type`, `description`, `rule_name`, `data`, `created_at`, `updated_at`) VALUES
('/debug/*', 2, NULL, NULL, NULL, 1677807204, 1677807204),
('/gii/*', 2, NULL, NULL, NULL, 1677807211, 1677807211),
('/gridview/*', 2, NULL, NULL, NULL, 1677807174, 1677807174),
('/productos/*', 2, NULL, NULL, NULL, 1681438950, 1681438950),
('/productos/marcas/*', 2, NULL, NULL, NULL, 1682397010, 1682397010),
('/rbac/*', 2, NULL, NULL, NULL, 1677807195, 1677807195),
('/site/*', 2, NULL, NULL, NULL, 1677807256, 1677807256),
('/usuarios/*', 2, NULL, NULL, NULL, 1677807263, 1677807263),
('Administrador', 1, 'Rol de Administrador del sistema', NULL, NULL, 1677807604, 1677807684),
('DemoRol', 1, 'Rol para demosntacion', NULL, NULL, 1677807665, 1677807665),
('PermisoAdmin', 2, 'Este es el permiso para el administrador', NULL, NULL, 1677807368, 1677807368),
('PermisoDemo', 2, 'Este es un permiso para DEmostracion', NULL, NULL, 1677807505, 1677807505);

-- --------------------------------------------------------

--
-- Table structure for table `auth_item_child`
--

CREATE TABLE `auth_item_child` (
  `parent` varchar(64) CHARACTER SET utf8mb3 COLLATE utf8mb3_unicode_ci NOT NULL,
  `child` varchar(64) CHARACTER SET utf8mb3 COLLATE utf8mb3_unicode_ci NOT NULL
) ENGINE=InnoDB DEFAULT CHARSET=utf8mb3 COLLATE=utf8mb3_unicode_ci;

--
-- Dumping data for table `auth_item_child`
--

INSERT INTO `auth_item_child` (`parent`, `child`) VALUES
('PermisoAdmin', '/debug/*'),
('PermisoAdmin', '/gii/*'),
('PermisoAdmin', '/gridview/*'),
('PermisoDemo', '/gridview/*'),
('PermisoAdmin', '/productos/*'),
('PermisoDemo', '/productos/*'),
('PermisoAdmin', '/productos/marcas/*'),
('PermisoAdmin', '/rbac/*'),
('PermisoAdmin', '/site/*'),
('PermisoDemo', '/site/*'),
('PermisoAdmin', '/usuarios/*'),
('Administrador', 'PermisoAdmin'),
('DemoRol', 'PermisoDemo');

-- --------------------------------------------------------

--
-- Table structure for table `auth_rule`
--

CREATE TABLE `auth_rule` (
  `name` varchar(64) CHARACTER SET utf8mb3 COLLATE utf8mb3_unicode_ci NOT NULL,
  `data` blob,
  `created_at` int DEFAULT NULL,
  `updated_at` int DEFAULT NULL
) ENGINE=InnoDB DEFAULT CHARSET=utf8mb3 COLLATE=utf8mb3_unicode_ci;

-- --------------------------------------------------------

--
-- Table structure for table `tbl_bitacora`
--

CREATE TABLE `tbl_bitacora` (
  `id_bitacora` int NOT NULL,
  `id_registro` int NOT NULL,
  `controlador` varchar(25) NOT NULL,
  `accion` varchar(25) NOT NULL,
  `data_original` json DEFAULT NULL,
  `data_modificada` json DEFAULT NULL,
  `id_usuario` int NOT NULL,
  `fecha` datetime NOT NULL
) ENGINE=InnoDB DEFAULT CHARSET=utf8mb3;

--
-- Dumping data for table `tbl_bitacora`
--

INSERT INTO `tbl_bitacora` (`id_bitacora`, `id_registro`, `controlador`, `accion`, `data_original`, `data_modificada`, `id_usuario`, `fecha`) VALUES
(4, 4, 'categorias', 'update', '{\"nombre\": \"Muebles modificdo\", \"visible\": \"1\", \"fecha_mod\": \"2023-03-23 20:23:06\"}', NULL, 1, '2023-03-23 20:23:06'),
(5, 4, 'categorias', 'update', '{\"nombre\": \"Muebles\", \"visible\": \"1\", \"fecha_mod\": \"2023-03-23 20:24:09\"}', NULL, 1, '2023-03-23 20:24:09'),
(6, 3, 'categorias', 'update', '{\"nombre\": \"Juguetes mod\", \"visible\": \"1\"}', NULL, 1, '2023-03-24 19:12:14'),
(7, 1, 'marcas', 'create', '{\"estado\": \"1\", \"imagen\": \"/marcas/aPyRNGvl0_GIFiMSgPlVrdHtG4scmQpX.png\", \"nombre\": \"Nintendo\", \"id_marca\": 1, \"fecha_ing\": \"2023-04-14 19:24:34\", \"fecha_mod\": \"2023-04-14 19:24:34\", \"descripcion\": \"<p>\\\"Lorem ipsum dolor sit amet, consectetur adipiscing elit, sed do eiusmod\\r\\n tempor incididunt ut labore et dolore magna aliqua. Ut enim ad minim \\r\\nveniam, quis nostrud exercitation ullamco laboris nisi ut aliquip ex ea \\r\\ncommodo consequat. Duis aute irure dolor in reprehenderit in voluptate \\r\\nvelit esse cillum dolore eu fugiat nulla pariatur. Excepteur sint \\r\\noccaecat cupidatat non proident, sunt in culpa qui officia deserunt \\r\\nmollit anim id est laborum.\\\"</p>\", \"id_usuario_ing\": 1, \"id_usuario_mod\": 1}', NULL, 1, '2023-04-14 19:24:34'),
(8, 1, 'marcas', 'update', '{\"estado\": 1, \"imagen\": null, \"nombre\": \"Nintendo\", \"id_marca\": 1, \"fecha_ing\": \"2023-04-14 19:24:34\", \"fecha_mod\": \"2023-04-14 19:24:34\", \"descripcion\": \"<p>\\\"Lorem ipsum dolor sit amet, consectetur adipiscing elit, sed do eiusmod\\r\\n tempor incididunt ut labore et dolore magna aliqua. Ut enim ad minim \\r\\nveniam, quis nostrud exercitation ullamco laboris nisi ut aliquip ex ea \\r\\ncommodo consequat. Duis aute irure dolor in reprehenderit in voluptate \\r\\nvelit esse cillum dolore eu fugiat nulla pariatur. Excepteur sint \\r\\noccaecat cupidatat non proident, sunt in culpa qui officia deserunt \\r\\nmollit anim id est laborum.\\\"</p>\", \"id_usuario_ing\": 1, \"id_usuario_mod\": 1}', '{\"estado\": \"0\", \"imagen\": \"/marcas/lrQuSBYxzYg0bS1aqPUZlUWJ1oxn3asR.png\", \"nombre\": \"Nintendo edit\"}', 2, '2023-04-14 19:33:55'),
(9, 1, 'marcas', 'update', '{\"estado\": 0, \"imagen\": \"/marcas/lrQuSBYxzYg0bS1aqPUZlUWJ1oxn3asR.png\", \"nombre\": \"Nintendo edit\", \"id_marca\": 1, \"fecha_ing\": \"2023-04-14 19:24:34\", \"fecha_mod\": \"2023-04-14 19:33:55\", \"descripcion\": \"<p>\\\"Lorem ipsum dolor sit amet, consectetur adipiscing elit, sed do eiusmod\\r\\n tempor incididunt ut labore et dolore magna aliqua. Ut enim ad minim \\r\\nveniam, quis nostrud exercitation ullamco laboris nisi ut aliquip ex ea \\r\\ncommodo consequat. Duis aute irure dolor in reprehenderit in voluptate \\r\\nvelit esse cillum dolore eu fugiat nulla pariatur. Excepteur sint \\r\\noccaecat cupidatat non proident, sunt in culpa qui officia deserunt \\r\\nmollit anim id est laborum.\\\"</p>\", \"id_usuario_ing\": 1, \"id_usuario_mod\": 2}', '{\"estado\": \"1\", \"imagen\": null, \"nombre\": \"Nintendo\"}', 1, '2023-04-14 19:42:04'),
(10, 1, 'marcas', 'update', '{\"estado\": 1, \"imagen\": null, \"nombre\": \"Nintendo\", \"id_marca\": 1, \"fecha_ing\": \"2023-04-14 19:24:34\", \"fecha_mod\": \"2023-04-14 19:42:04\", \"descripcion\": \"<p>\\\"Lorem ipsum dolor sit amet, consectetur adipiscing elit, sed do eiusmod\\r\\n tempor incididunt ut labore et dolore magna aliqua. Ut enim ad minim \\r\\nveniam, quis nostrud exercitation ullamco laboris nisi ut aliquip ex ea \\r\\ncommodo consequat. Duis aute irure dolor in reprehenderit in voluptate \\r\\nvelit esse cillum dolore eu fugiat nulla pariatur. Excepteur sint \\r\\noccaecat cupidatat non proident, sunt in culpa qui officia deserunt \\r\\nmollit anim id est laborum.\\\"</p>\", \"id_usuario_ing\": 1, \"id_usuario_mod\": 1}', '{\"estado\": \"1\", \"imagen\": \"/marcas/q1FBNnjB9VSI4spG8rLmLrSiY4fMCdV_.png\"}', 1, '2023-04-14 19:44:18'),
(11, 1, 'marcas', 'update', '{\"estado\": 1, \"imagen\": \"/marcas/q1FBNnjB9VSI4spG8rLmLrSiY4fMCdV_.png\", \"nombre\": \"Nintendo\", \"id_marca\": 1, \"fecha_ing\": \"2023-04-14 19:24:34\", \"fecha_mod\": \"2023-04-14 19:44:18\", \"descripcion\": \"<p>\\\"Lorem ipsum dolor sit amet, consectetur adipiscing elit, sed do eiusmod\\r\\n tempor incididunt ut labore et dolore magna aliqua. Ut enim ad minim \\r\\nveniam, quis nostrud exercitation ullamco laboris nisi ut aliquip ex ea \\r\\ncommodo consequat. Duis aute irure dolor in reprehenderit in voluptate \\r\\nvelit esse cillum dolore eu fugiat nulla pariatur. Excepteur sint \\r\\noccaecat cupidatat non proident, sunt in culpa qui officia deserunt \\r\\nmollit anim id est laborum.\\\"</p>\", \"id_usuario_ing\": 1, \"id_usuario_mod\": 1}', '{\"estado\": \"1\", \"imagen\": null}', 1, '2023-04-14 19:44:47'),
(12, 1, 'marcas', 'update', '{\"estado\": 1, \"imagen\": null, \"nombre\": \"Nintendo\", \"id_marca\": 1, \"fecha_ing\": \"2023-04-14 19:24:34\", \"fecha_mod\": \"2023-04-14 19:44:47\", \"descripcion\": \"<p>\\\"Lorem ipsum dolor sit amet, consectetur adipiscing elit, sed do eiusmod\\r\\n tempor incididunt ut labore et dolore magna aliqua. Ut enim ad minim \\r\\nveniam, quis nostrud exercitation ullamco laboris nisi ut aliquip ex ea \\r\\ncommodo consequat. Duis aute irure dolor in reprehenderit in voluptate \\r\\nvelit esse cillum dolore eu fugiat nulla pariatur. Excepteur sint \\r\\noccaecat cupidatat non proident, sunt in culpa qui officia deserunt \\r\\nmollit anim id est laborum.\\\"</p>\", \"id_usuario_ing\": 1, \"id_usuario_mod\": 1}', '{\"estado\": \"1\", \"imagen\": \"/marcas/ruFQPbfJB8H7jt7GqBIo3YLBd2X1SuF8.png\"}', 1, '2023-04-14 19:46:13'),
(13, 1, 'marcas', 'update', '{\"estado\": 1, \"imagen\": \"/marcas/ruFQPbfJB8H7jt7GqBIo3YLBd2X1SuF8.png\", \"nombre\": \"Nintendo\", \"id_marca\": 1, \"fecha_ing\": \"2023-04-14 19:24:34\", \"fecha_mod\": \"2023-04-14 19:46:13\", \"descripcion\": \"<p>\\\"Lorem ipsum dolor sit amet, consectetur adipiscing elit, sed do eiusmod\\r\\n tempor incididunt ut labore et dolore magna aliqua. Ut enim ad minim \\r\\nveniam, quis nostrud exercitation ullamco laboris nisi ut aliquip ex ea \\r\\ncommodo consequat. Duis aute irure dolor in reprehenderit in voluptate \\r\\nvelit esse cillum dolore eu fugiat nulla pariatur. Excepteur sint \\r\\noccaecat cupidatat non proident, sunt in culpa qui officia deserunt \\r\\nmollit anim id est laborum.\\\"</p>\", \"id_usuario_ing\": 1, \"id_usuario_mod\": 1}', '{\"estado\": \"1\", \"imagen\": \"/marcas/17Vk3-yXr1c99EMGAuTJA7xDKiu0ckcH.png\"}', 1, '2023-04-14 19:46:41'),
(14, 1, 'marcas', 'update', '{\"estado\": 1, \"imagen\": \"/marcas/17Vk3-yXr1c99EMGAuTJA7xDKiu0ckcH.png\", \"nombre\": \"Nintendo\", \"id_marca\": 1, \"fecha_ing\": \"2023-04-14 19:24:34\", \"fecha_mod\": \"2023-04-14 19:46:41\", \"descripcion\": \"<p>\\\"Lorem ipsum dolor sit amet, consectetur adipiscing elit, sed do eiusmod\\r\\n tempor incididunt ut labore et dolore magna aliqua. Ut enim ad minim \\r\\nveniam, quis nostrud exercitation ullamco laboris nisi ut aliquip ex ea \\r\\ncommodo consequat. Duis aute irure dolor in reprehenderit in voluptate \\r\\nvelit esse cillum dolore eu fugiat nulla pariatur. Excepteur sint \\r\\noccaecat cupidatat non proident, sunt in culpa qui officia deserunt \\r\\nmollit anim id est laborum.\\\"</p>\", \"id_usuario_ing\": 1, \"id_usuario_mod\": 1}', '{\"estado\": \"1\", \"imagen\": null}', 1, '2023-04-14 19:47:22'),
(15, 1, 'marcas', 'update', '{\"estado\": 1, \"imagen\": null, \"nombre\": \"Nintendo\", \"id_marca\": 1, \"fecha_ing\": \"2023-04-14 19:24:34\", \"fecha_mod\": \"2023-04-14 19:47:22\", \"descripcion\": \"<p>\\\"Lorem ipsum dolor sit amet, consectetur adipiscing elit, sed do eiusmod\\r\\n tempor incididunt ut labore et dolore magna aliqua. Ut enim ad minim \\r\\nveniam, quis nostrud exercitation ullamco laboris nisi ut aliquip ex ea \\r\\ncommodo consequat. Duis aute irure dolor in reprehenderit in voluptate \\r\\nvelit esse cillum dolore eu fugiat nulla pariatur. Excepteur sint \\r\\noccaecat cupidatat non proident, sunt in culpa qui officia deserunt \\r\\nmollit anim id est laborum.\\\"</p>\", \"id_usuario_ing\": 1, \"id_usuario_mod\": 1}', '{\"estado\": \"1\", \"imagen\": \"/marcas/sO7tniNwACOioTc0ZAMrTHSppBUrSw7p.png\"}', 1, '2023-04-14 19:49:31'),
(16, 1, 'marcas', 'update', '{\"estado\": 1, \"imagen\": \"/marcas/sO7tniNwACOioTc0ZAMrTHSppBUrSw7p.png\", \"nombre\": \"Nintendo\", \"id_marca\": 1, \"fecha_ing\": \"2023-04-14 19:24:34\", \"fecha_mod\": \"2023-04-14 19:49:31\", \"descripcion\": \"<p>\\\"Lorem ipsum dolor sit amet, consectetur adipiscing elit, sed do eiusmod\\r\\n tempor incididunt ut labore et dolore magna aliqua. Ut enim ad minim \\r\\nveniam, quis nostrud exercitation ullamco laboris nisi ut aliquip ex ea \\r\\ncommodo consequat. Duis aute irure dolor in reprehenderit in voluptate \\r\\nvelit esse cillum dolore eu fugiat nulla pariatur. Excepteur sint \\r\\noccaecat cupidatat non proident, sunt in culpa qui officia deserunt \\r\\nmollit anim id est laborum.\\\"</p>\", \"id_usuario_ing\": 1, \"id_usuario_mod\": 1}', '{\"estado\": \"1\", \"imagen\": null, \"nombre\": \"Nintendo edit\"}', 1, '2023-04-14 19:52:11'),
(17, 1, 'marcas', 'update', '{\"estado\": 1, \"imagen\": null, \"nombre\": \"Nintendo edit\", \"id_marca\": 1, \"fecha_ing\": \"2023-04-14 19:24:34\", \"fecha_mod\": \"2023-04-14 19:52:11\", \"descripcion\": \"<p>\\\"Lorem ipsum dolor sit amet, consectetur adipiscing elit, sed do eiusmod\\r\\n tempor incididunt ut labore et dolore magna aliqua. Ut enim ad minim \\r\\nveniam, quis nostrud exercitation ullamco laboris nisi ut aliquip ex ea \\r\\ncommodo consequat. Duis aute irure dolor in reprehenderit in voluptate \\r\\nvelit esse cillum dolore eu fugiat nulla pariatur. Excepteur sint \\r\\noccaecat cupidatat non proident, sunt in culpa qui officia deserunt \\r\\nmollit anim id est laborum.\\\"</p>\", \"id_usuario_ing\": 1, \"id_usuario_mod\": 1}', '{\"estado\": \"1\", \"imagen\": \"/marcas/_8LcCl1vJzZL8k_aXQlV4xXQNmLdkGOa.png\"}', 1, '2023-04-14 19:52:31'),
(18, 1, 'marcas', 'update', '{\"estado\": 1, \"imagen\": \"/marcas/_8LcCl1vJzZL8k_aXQlV4xXQNmLdkGOa.png\", \"nombre\": \"Nintendo edit\", \"id_marca\": 1, \"fecha_ing\": \"2023-04-14 19:24:34\", \"fecha_mod\": \"2023-04-14 19:52:31\", \"descripcion\": \"<p>\\\"Lorem ipsum dolor sit amet, consectetur adipiscing elit, sed do eiusmod\\r\\n tempor incididunt ut labore et dolore magna aliqua. Ut enim ad minim \\r\\nveniam, quis nostrud exercitation ullamco laboris nisi ut aliquip ex ea \\r\\ncommodo consequat. Duis aute irure dolor in reprehenderit in voluptate \\r\\nvelit esse cillum dolore eu fugiat nulla pariatur. Excepteur sint \\r\\noccaecat cupidatat non proident, sunt in culpa qui officia deserunt \\r\\nmollit anim id est laborum.\\\"</p>\", \"id_usuario_ing\": 1, \"id_usuario_mod\": 1}', '{\"estado\": \"1\", \"imagen\": null, \"nombre\": \"Nintendo\"}', 1, '2023-04-14 19:53:20'),
(19, 1, 'marcas', 'update', '{\"estado\": 1, \"imagen\": null, \"nombre\": \"Nintendo\", \"id_marca\": 1, \"fecha_ing\": \"2023-04-14 19:24:34\", \"fecha_mod\": \"2023-04-14 19:53:20\", \"descripcion\": \"<p>\\\"Lorem ipsum dolor sit amet, consectetur adipiscing elit, sed do eiusmod\\r\\n tempor incididunt ut labore et dolore magna aliqua. Ut enim ad minim \\r\\nveniam, quis nostrud exercitation ullamco laboris nisi ut aliquip ex ea \\r\\ncommodo consequat. Duis aute irure dolor in reprehenderit in voluptate \\r\\nvelit esse cillum dolore eu fugiat nulla pariatur. Excepteur sint \\r\\noccaecat cupidatat non proident, sunt in culpa qui officia deserunt \\r\\nmollit anim id est laborum.\\\"</p>\", \"id_usuario_ing\": 1, \"id_usuario_mod\": 1}', '{\"estado\": \"1\", \"imagen\": \"/marcas/4saQUDzIordqjojY1svj6YUZPnO0AdG_.png\"}', 1, '2023-04-14 19:53:33'),
(20, 2, 'marcas', 'create', '{\"estado\": \"1\", \"imagen\": \"/marcas/g9kThsZaG6_qKzUFXGfesWVcfhe_X_UG.png\", \"nombre\": \"sony\", \"id_marca\": 2, \"fecha_ing\": \"2023-04-14 19:57:12\", \"fecha_mod\": \"2023-04-14 19:57:12\", \"descripcion\": \"<p>\\\"Lorem ipsum dolor sit amet, consectetur adipiscing elit, sed do eiusmod\\r\\n tempor incididunt ut labore et dolore magna aliqua. Ut enim ad minim \\r\\nveniam, quis nostrud exercitation ullamco laboris nisi ut aliquip ex ea \\r\\ncommodo consequat. Duis aute irure dolor in reprehenderit in voluptate \\r\\nvelit esse cillum dolore eu fugiat nulla pariatur. Excepteur sint \\r\\noccaecat cupidatat non proident, sunt in culpa qui officia deserunt \\r\\nmollit anim id est laborum.\\\"</p>\", \"id_usuario_ing\": 1, \"id_usuario_mod\": 1}', NULL, 1, '2023-04-14 19:57:12'),
(21, 2, 'marcas', 'update', '{\"estado\": 1, \"imagen\": \"/marcas/g9kThsZaG6_qKzUFXGfesWVcfhe_X_UG.png\", \"nombre\": \"sony\", \"id_marca\": 2, \"fecha_ing\": \"2023-04-14 19:57:12\", \"fecha_mod\": \"2023-04-14 19:57:12\", \"descripcion\": \"<p>\\\"Lorem ipsum dolor sit amet, consectetur adipiscing elit, sed do eiusmod\\r\\n tempor incididunt ut labore et dolore magna aliqua. Ut enim ad minim \\r\\nveniam, quis nostrud exercitation ullamco laboris nisi ut aliquip ex ea \\r\\ncommodo consequat. Duis aute irure dolor in reprehenderit in voluptate \\r\\nvelit esse cillum dolore eu fugiat nulla pariatur. Excepteur sint \\r\\noccaecat cupidatat non proident, sunt in culpa qui officia deserunt \\r\\nmollit anim id est laborum.\\\"</p>\", \"id_usuario_ing\": 1, \"id_usuario_mod\": 1}', '{\"estado\": \"1\", \"imagen\": \"/marcas/xBCUPlydikuxoS3caB4RJH224pmknouP.png\", \"nombre\": \"Sony\"}', 1, '2023-04-14 19:57:30'),
(22, 3, 'marcas', 'create', '{\"estado\": \"1\", \"imagen\": \"/marcas/Z2hAy2NwqIds6E6vlOiuIj2ljeCEe5iz.png\", \"nombre\": \"Microsoft\", \"id_marca\": 3, \"fecha_ing\": \"2023-04-14 19:57:55\", \"fecha_mod\": \"2023-04-14 19:57:55\", \"descripcion\": \"<p>\\\"Lorem ipsum dolor sit amet, consectetur adipiscing elit, sed do eiusmod\\r\\n tempor incididunt ut labore et dolore magna aliqua. Ut enim ad minim \\r\\nveniam, quis nostrud exercitation ullamco laboris nisi ut aliquip ex ea \\r\\ncommodo consequat. Duis aute irure dolor in reprehenderit in voluptate \\r\\nvelit esse cillum dolore eu fugiat nulla pariatur. Excepteur sint \\r\\noccaecat cupidatat non proident, sunt in culpa qui officia deserunt \\r\\nmollit anim id est laborum.\\\"</p>\", \"id_usuario_ing\": 1, \"id_usuario_mod\": 1}', NULL, 1, '2023-04-14 19:57:55'),
(23, 4, 'marcas', 'create', '{\"estado\": \"1\", \"imagen\": \"/marcas/qSnRSKmCKJYXO_eN3quVqSBXW-ia_9YP.png\", \"nombre\": \"LG\", \"id_marca\": 4, \"fecha_ing\": \"2023-04-14 19:58:18\", \"fecha_mod\": \"2023-04-14 19:58:18\", \"descripcion\": \"<p>\\\"Lorem ipsum dolor sit amet, consectetur adipiscing elit, sed do eiusmod\\r\\n tempor incididunt ut labore et dolore magna aliqua. Ut enim ad minim \\r\\nveniam, quis nostrud exercitation ullamco laboris nisi ut aliquip ex ea \\r\\ncommodo consequat. Duis aute irure dolor in reprehenderit in voluptate \\r\\nvelit esse cillum dolore eu fugiat nulla pariatur. Excepteur sint \\r\\noccaecat cupidatat non proident, sunt in culpa qui officia deserunt \\r\\nmollit anim id est laborum.\\\"</p>\", \"id_usuario_ing\": 1, \"id_usuario_mod\": 1}', NULL, 1, '2023-04-14 19:58:18'),
(24, 5, 'marcas', 'create', '{\"estado\": \"1\", \"imagen\": \"/marcas/MkyVurYEXDYPOTSo38ZReQ5QTFewi3FA.png\", \"nombre\": \"Apple\", \"id_marca\": 5, \"fecha_ing\": \"2023-04-14 19:58:43\", \"fecha_mod\": \"2023-04-14 19:58:43\", \"descripcion\": \"<p>\\\"Lorem ipsum dolor sit amet, consectetur adipiscing elit, sed do eiusmod\\r\\n tempor incididunt ut labore et dolore magna aliqua. Ut enim ad minim \\r\\nveniam, quis nostrud exercitation ullamco laboris nisi ut aliquip ex ea \\r\\ncommodo consequat. Duis aute irure dolor in reprehenderit in voluptate \\r\\nvelit esse cillum dolore eu fugiat nulla pariatur. Excepteur sint \\r\\noccaecat cupidatat non proident, sunt in culpa qui officia deserunt \\r\\nmollit anim id est laborum.\\\"</p>\", \"id_usuario_ing\": 1, \"id_usuario_mod\": 1}', NULL, 1, '2023-04-14 19:58:43'),
(25, 6, 'marcas', 'create', '{\"estado\": \"1\", \"imagen\": \"/marcas/q4DqeAKjE7-E3PnmaRc7-AwZhfRSR_Ml.png\", \"nombre\": \"SAMSUNG\", \"id_marca\": 6, \"fecha_ing\": \"2023-04-14 19:59:09\", \"fecha_mod\": \"2023-04-14 19:59:09\", \"descripcion\": \"<p>\\\"Lorem ipsum dolor sit amet, consectetur adipiscing elit, sed do eiusmod\\r\\n tempor incididunt ut labore et dolore magna aliqua. Ut enim ad minim \\r\\nveniam, quis nostrud exercitation ullamco laboris nisi ut aliquip ex ea \\r\\ncommodo consequat. Duis aute irure dolor in reprehenderit in voluptate \\r\\nvelit esse cillum dolore eu fugiat nulla pariatur. Excepteur sint \\r\\noccaecat cupidatat non proident, sunt in culpa qui officia deserunt \\r\\nmollit anim id est laborum.\\\"</p>\", \"id_usuario_ing\": 1, \"id_usuario_mod\": 1}', NULL, 1, '2023-04-14 19:59:09'),
(26, 6, 'marcas', 'delete', '{\"estado\": 1, \"imagen\": \"/marcas/q4DqeAKjE7-E3PnmaRc7-AwZhfRSR_Ml.png\", \"nombre\": \"SAMSUNG\", \"id_marca\": 6, \"fecha_ing\": \"2023-04-14 19:59:09\", \"fecha_mod\": \"2023-04-14 19:59:09\", \"descripcion\": \"<p>\\\"Lorem ipsum dolor sit amet, consectetur adipiscing elit, sed do eiusmod\\r\\n tempor incididunt ut labore et dolore magna aliqua. Ut enim ad minim \\r\\nveniam, quis nostrud exercitation ullamco laboris nisi ut aliquip ex ea \\r\\ncommodo consequat. Duis aute irure dolor in reprehenderit in voluptate \\r\\nvelit esse cillum dolore eu fugiat nulla pariatur. Excepteur sint \\r\\noccaecat cupidatat non proident, sunt in culpa qui officia deserunt \\r\\nmollit anim id est laborum.\\\"</p>\", \"id_usuario_ing\": 1, \"id_usuario_mod\": 1}', '{\"estado\": 0}', 1, '2023-04-14 20:11:39'),
(27, 6, 'marcas', 'update', '{\"estado\": 0, \"imagen\": \"/marcas/q4DqeAKjE7-E3PnmaRc7-AwZhfRSR_Ml.png\", \"nombre\": \"SAMSUNG\", \"id_marca\": 6, \"fecha_ing\": \"2023-04-14 19:59:09\", \"fecha_mod\": \"2023-04-14 20:11:39\", \"descripcion\": \"<p>\\\"Lorem ipsum dolor sit amet, consectetur adipiscing elit, sed do eiusmod\\r\\n tempor incididunt ut labore et dolore magna aliqua. Ut enim ad minim \\r\\nveniam, quis nostrud exercitation ullamco laboris nisi ut aliquip ex ea \\r\\ncommodo consequat. Duis aute irure dolor in reprehenderit in voluptate \\r\\nvelit esse cillum dolore eu fugiat nulla pariatur. Excepteur sint \\r\\noccaecat cupidatat non proident, sunt in culpa qui officia deserunt \\r\\nmollit anim id est laborum.\\\"</p>\", \"id_usuario_ing\": 1, \"id_usuario_mod\": 1}', '{\"estado\": \"1\", \"imagen\": \"/marcas/HCk33nXZmYZScJMgEouxaZ9wX0ngnQZe.png\"}', 1, '2023-04-14 20:12:48'),
(28, 3, 'marcas', 'update', '{\"estado\": 1, \"imagen\": \"/marcas/Z2hAy2NwqIds6E6vlOiuIj2ljeCEe5iz.png\", \"nombre\": \"Microsoft\", \"id_marca\": 3, \"fecha_ing\": \"2023-04-12 19:57:55\", \"fecha_mod\": \"2023-04-14 19:57:55\", \"descripcion\": \"<p>\\\"Lorem ipsum dolor sit amet, consectetur adipiscing elit, sed do eiusmod\\r\\n tempor incididunt ut labore et dolore magna aliqua. Ut enim ad minim \\r\\nveniam, quis nostrud exercitation ullamco laboris nisi ut aliquip ex ea \\r\\ncommodo consequat. Duis aute irure dolor in reprehenderit in voluptate \\r\\nvelit esse cillum dolore eu fugiat nulla pariatur. Excepteur sint \\r\\noccaecat cupidatat non proident, sunt in culpa qui officia deserunt \\r\\nmollit anim id est laborum.\\\"</p>\", \"id_usuario_ing\": 1, \"id_usuario_mod\": 1}', '{\"estado\": \"1\", \"imagen\": null, \"descripcion\": \"<p><b>\\\"Lorem ipsum dolor sit amet, consectetur adipiscing elit, sed do eiusmod\\r\\n tempor incididunt ut labore et dolore magna aliqua. Ut enim ad minim \\r\\nveniam, quis nostrud exercitation ullamco laboris nisi ut aliquip ex ea \\r\\ncommodo consequat. Duis aute irure dolor in reprehenderit in voluptate \\r\\nvelit esse cillum dolore eu fugiat nulla pariatur. Excepteur sint \\r\\noccaecat cupidatat non proident, sunt in culpa qui officia deserunt \\r\\nmollit anim id est laborum.\\\"</b></p>\"}', 1, '2023-04-20 19:08:32'),
(29, 3, 'marcas', 'update', '{\"estado\": 1, \"imagen\": null, \"nombre\": \"Microsoft\", \"id_marca\": 3, \"fecha_ing\": \"2023-04-12 19:57:55\", \"fecha_mod\": \"2023-04-20 19:08:32\", \"descripcion\": \"<p><b>\\\"Lorem ipsum dolor sit amet, consectetur adipiscing elit, sed do eiusmod\\r\\n tempor incididunt ut labore et dolore magna aliqua. Ut enim ad minim \\r\\nveniam, quis nostrud exercitation ullamco laboris nisi ut aliquip ex ea \\r\\ncommodo consequat. Duis aute irure dolor in reprehenderit in voluptate \\r\\nvelit esse cillum dolore eu fugiat nulla pariatur. Excepteur sint \\r\\noccaecat cupidatat non proident, sunt in culpa qui officia deserunt \\r\\nmollit anim id est laborum.\\\"</b></p>\", \"id_usuario_ing\": 1, \"id_usuario_mod\": 1}', '{\"estado\": \"1\", \"imagen\": \"/marcas/gf-KTzCcWtraZexIxqgTBWzls78EGNmJ.png\"}', 1, '2023-04-20 19:09:29'),
(30, 3, 'marcas', 'update', '{\"estado\": 1, \"imagen\": \"/marcas/gf-KTzCcWtraZexIxqgTBWzls78EGNmJ.png\", \"nombre\": \"Microsoft\", \"id_marca\": 3, \"fecha_ing\": \"2023-04-12 19:57:55\", \"fecha_mod\": \"2023-04-20 19:09:29\", \"descripcion\": \"<p><b>\\\"Lorem ipsum dolor sit amet, consectetur adipiscing elit, sed do eiusmod\\r\\n tempor incididunt ut labore et dolore magna aliqua. Ut enim ad minim \\r\\nveniam, quis nostrud exercitation ullamco laboris nisi ut aliquip ex ea \\r\\ncommodo consequat. Duis aute irure dolor in reprehenderit in voluptate \\r\\nvelit esse cillum dolore eu fugiat nulla pariatur. Excepteur sint \\r\\noccaecat cupidatat non proident, sunt in culpa qui officia deserunt \\r\\nmollit anim id est laborum.\\\"</b></p>\", \"id_usuario_ing\": 1, \"id_usuario_mod\": 1}', '{\"estado\": \"1\", \"imagen\": null}', 1, '2023-04-20 19:12:45'),
(31, 3, 'marcas', 'update', '{\"estado\": 1, \"imagen\": null, \"nombre\": \"Microsoft\", \"id_marca\": 3, \"fecha_ing\": \"2023-04-12 19:57:55\", \"fecha_mod\": \"2023-04-20 19:12:45\", \"descripcion\": \"<p><b>\\\"Lorem ipsum dolor sit amet, consectetur adipiscing elit, sed do eiusmod\\r\\n tempor incididunt ut labore et dolore magna aliqua. Ut enim ad minim \\r\\nveniam, quis nostrud exercitation ullamco laboris nisi ut aliquip ex ea \\r\\ncommodo consequat. Duis aute irure dolor in reprehenderit in voluptate \\r\\nvelit esse cillum dolore eu fugiat nulla pariatur. Excepteur sint \\r\\noccaecat cupidatat non proident, sunt in culpa qui officia deserunt \\r\\nmollit anim id est laborum.\\\"</b></p>\", \"id_usuario_ing\": 1, \"id_usuario_mod\": 1}', '{\"estado\": \"1\", \"imagen\": \"/marcas/4k1-G6uETDgX2RxbKi5LR3ZDwQbAuR41.png\"}', 1, '2023-04-20 19:13:33'),
(32, 3, 'marcas', 'update', '{\"estado\": 1, \"imagen\": \"/marcas/4k1-G6uETDgX2RxbKi5LR3ZDwQbAuR41.png\", \"nombre\": \"Microsoft\", \"id_marca\": 3, \"fecha_ing\": \"2023-04-12 19:57:55\", \"fecha_mod\": \"2023-04-20 19:13:33\", \"descripcion\": \"<p><b>\\\"Lorem ipsum dolor sit amet, consectetur adipiscing elit, sed do eiusmod\\r\\n tempor incididunt ut labore et dolore magna aliqua. Ut enim ad minim \\r\\nveniam, quis nostrud exercitation ullamco laboris nisi ut aliquip ex ea \\r\\ncommodo consequat. Duis aute irure dolor in reprehenderit in voluptate \\r\\nvelit esse cillum dolore eu fugiat nulla pariatur. Excepteur sint \\r\\noccaecat cupidatat non proident, sunt in culpa qui officia deserunt \\r\\nmollit anim id est laborum.\\\"</b></p>\", \"id_usuario_ing\": 1, \"id_usuario_mod\": 1}', '{\"estado\": \"1\", \"imagen\": \"/marcas/eyDmZZJ9SyqQZJrdj8-IDNzsg0PeTmxb.png\", \"descripcion\": \"<p>\\\"Lorem ipsum dolor sit amet, consectetur adipiscing elit, sed do eiusmod\\r\\n tempor incididunt ut labore et dolore magna aliqua. Ut enim ad minim \\r\\nveniam, quis nostrud exercitation ullamco laboris nisi ut aliquip ex ea \\r\\ncommodo consequat. Duis aute irure dolor in reprehenderit in voluptate \\r\\nvelit esse cillum dolore eu fugiat nulla pariatur. Excepteur sint \\r\\noccaecat cupidatat non proident, sunt in culpa qui officia deserunt \\r\\nmollit anim id est laborum.\\\"</p>\"}', 1, '2023-04-20 19:14:51'),
(33, 3, 'marcas', 'update', '{\"estado\": 1, \"imagen\": \"/marcas/eyDmZZJ9SyqQZJrdj8-IDNzsg0PeTmxb.png\", \"nombre\": \"Microsoft\", \"id_marca\": 3, \"fecha_ing\": \"2023-04-12 19:57:55\", \"fecha_mod\": \"2023-04-20 19:14:51\", \"descripcion\": \"<p>\\\"Lorem ipsum dolor sit amet, consectetur adipiscing elit, sed do eiusmod\\r\\n tempor incididunt ut labore et dolore magna aliqua. Ut enim ad minim \\r\\nveniam, quis nostrud exercitation ullamco laboris nisi ut aliquip ex ea \\r\\ncommodo consequat. Duis aute irure dolor in reprehenderit in voluptate \\r\\nvelit esse cillum dolore eu fugiat nulla pariatur. Excepteur sint \\r\\noccaecat cupidatat non proident, sunt in culpa qui officia deserunt \\r\\nmollit anim id est laborum.\\\"</p>\", \"id_usuario_ing\": 1, \"id_usuario_mod\": 1}', '{\"estado\": \"1\", \"imagen\": null}', 1, '2023-04-20 19:23:35'),
(34, 3, 'marcas', 'update', '{\"estado\": 1, \"imagen\": null, \"nombre\": \"Microsoft\", \"id_marca\": 3, \"fecha_ing\": \"2023-04-12 19:57:55\", \"fecha_mod\": \"2023-04-20 19:23:35\", \"descripcion\": \"<p>\\\"Lorem ipsum dolor sit amet, consectetur adipiscing elit, sed do eiusmod\\r\\n tempor incididunt ut labore et dolore magna aliqua. Ut enim ad minim \\r\\nveniam, quis nostrud exercitation ullamco laboris nisi ut aliquip ex ea \\r\\ncommodo consequat. Duis aute irure dolor in reprehenderit in voluptate \\r\\nvelit esse cillum dolore eu fugiat nulla pariatur. Excepteur sint \\r\\noccaecat cupidatat non proident, sunt in culpa qui officia deserunt \\r\\nmollit anim id est laborum.\\\"</p>\", \"id_usuario_ing\": 1, \"id_usuario_mod\": 1}', '{\"estado\": \"1\", \"imagen\": \"/marcas/t2804yFt-4x46pIa6LToym2eQpn7_IDo.png\"}', 1, '2023-04-20 19:24:00'),
(35, 3, 'marcas', 'update', '{\"estado\": 1, \"imagen\": \"/marcas/t2804yFt-4x46pIa6LToym2eQpn7_IDo.png\", \"nombre\": \"Microsoft\", \"id_marca\": 3, \"fecha_ing\": \"2023-04-12 19:57:55\", \"fecha_mod\": \"2023-04-20 19:24:00\", \"descripcion\": \"<p>\\\"Lorem ipsum dolor sit amet, consectetur adipiscing elit, sed do eiusmod\\r\\n tempor incididunt ut labore et dolore magna aliqua. Ut enim ad minim \\r\\nveniam, quis nostrud exercitation ullamco laboris nisi ut aliquip ex ea \\r\\ncommodo consequat. Duis aute irure dolor in reprehenderit in voluptate \\r\\nvelit esse cillum dolore eu fugiat nulla pariatur. Excepteur sint \\r\\noccaecat cupidatat non proident, sunt in culpa qui officia deserunt \\r\\nmollit anim id est laborum.\\\"</p>\", \"id_usuario_ing\": 1, \"id_usuario_mod\": 1}', '{\"estado\": \"1\", \"descripcion\": \"<p><font style=\\\"background-color: rgb(255, 255, 0);\\\" color=\\\"#000000\\\">\\\"Lorem ipsum dolor sit amet, consectetur adipiscing elit, sed do eiusmod\\r\\n tempor incididunt ut labore et dolore magna aliqua. Ut enim ad minim \\r\\nveniam, quis nostrud exercitation ullamco laboris nisi ut aliquip ex ea \\r\\ncommodo consequat. Duis aute irure dolor in reprehenderit in voluptate \\r\\nvelit esse cillum dolore eu fugiat nulla pariatur. Excepteur sint \\r\\noccaecat cupidatat non proident, sunt in culpa qui officia deserunt \\r\\nmollit anim id est laborum.\\\"</font></p>\"}', 1, '2023-04-20 19:58:57'),
(36, 3, 'marcas', 'update', '{\"estado\": 1, \"imagen\": \"/marcas/t2804yFt-4x46pIa6LToym2eQpn7_IDo.png\", \"nombre\": \"Microsoft\", \"id_marca\": 3, \"fecha_ing\": \"2023-04-12 19:57:55\", \"fecha_mod\": \"2023-04-20 19:58:57\", \"descripcion\": \"<p><font style=\\\"background-color: rgb(255, 255, 0);\\\" color=\\\"#000000\\\">\\\"Lorem ipsum dolor sit amet, consectetur adipiscing elit, sed do eiusmod\\r\\n tempor incididunt ut labore et dolore magna aliqua. Ut enim ad minim \\r\\nveniam, quis nostrud exercitation ullamco laboris nisi ut aliquip ex ea \\r\\ncommodo consequat. Duis aute irure dolor in reprehenderit in voluptate \\r\\nvelit esse cillum dolore eu fugiat nulla pariatur. Excepteur sint \\r\\noccaecat cupidatat non proident, sunt in culpa qui officia deserunt \\r\\nmollit anim id est laborum.\\\"</font></p>\", \"id_usuario_ing\": 1, \"id_usuario_mod\": 1}', '{\"estado\": \"1\", \"imagen\": null, \"descripcion\": \"<p><font style=\\\"background-color: rgb(255, 255, 0);\\\" color=\\\"#000000\\\"><b>\\\"Lorem ipsum dolor sit amet, consectetur adipiscing elit, sed do eiusmod\\r\\n tempor incididunt ut labore et dolore magna aliqua. Ut enim ad minim \\r\\nveniam, quis nostrud exercitation ullamco laboris nisi ut aliquip ex ea \\r\\ncommodo consequat. Duis aute irure dolor in reprehenderit in voluptate \\r\\nvelit esse cillum dolore eu fugiat nulla pariatur. Excepteur sint \\r\\noccaecat cupidatat non proident, sunt in culpa qui officia deserunt \\r\\nmollit anim id est laborum.\\\"</b></font></p>\"}', 1, '2023-04-20 19:59:39'),
(37, 3, 'marcas', 'update', '{\"estado\": 1, \"imagen\": null, \"nombre\": \"Microsoft\", \"id_marca\": 3, \"fecha_ing\": \"2023-04-12 19:57:55\", \"fecha_mod\": \"2023-04-20 19:59:39\", \"descripcion\": \"<p><font style=\\\"background-color: rgb(255, 255, 0);\\\" color=\\\"#000000\\\"><b>\\\"Lorem ipsum dolor sit amet, consectetur adipiscing elit, sed do eiusmod\\r\\n tempor incididunt ut labore et dolore magna aliqua. Ut enim ad minim \\r\\nveniam, quis nostrud exercitation ullamco laboris nisi ut aliquip ex ea \\r\\ncommodo consequat. Duis aute irure dolor in reprehenderit in voluptate \\r\\nvelit esse cillum dolore eu fugiat nulla pariatur. Excepteur sint \\r\\noccaecat cupidatat non proident, sunt in culpa qui officia deserunt \\r\\nmollit anim id est laborum.\\\"</b></font></p>\", \"id_usuario_ing\": 1, \"id_usuario_mod\": 1}', '{\"estado\": \"1\", \"imagen\": \"/marcas/xuRSNieqagJPJ4w9cTI9gcGAXm6X5CSV.png\"}', 1, '2023-04-20 20:00:23'),
(38, 3, 'marcas', 'update', '{\"estado\": 1, \"imagen\": \"/marcas/xuRSNieqagJPJ4w9cTI9gcGAXm6X5CSV.png\", \"nombre\": \"Microsoft\", \"id_marca\": 3, \"fecha_ing\": \"2023-04-12 19:57:55\", \"fecha_mod\": \"2023-04-20 20:00:23\", \"descripcion\": \"<p><font style=\\\"background-color: rgb(255, 255, 0);\\\" color=\\\"#000000\\\"><b>\\\"Lorem ipsum dolor sit amet, consectetur adipiscing elit, sed do eiusmod\\r\\n tempor incididunt ut labore et dolore magna aliqua. Ut enim ad minim \\r\\nveniam, quis nostrud exercitation ullamco laboris nisi ut aliquip ex ea \\r\\ncommodo consequat. Duis aute irure dolor in reprehenderit in voluptate \\r\\nvelit esse cillum dolore eu fugiat nulla pariatur. Excepteur sint \\r\\noccaecat cupidatat non proident, sunt in culpa qui officia deserunt \\r\\nmollit anim id est laborum.\\\"</b></font></p>\", \"id_usuario_ing\": 1, \"id_usuario_mod\": 1}', '{\"estado\": \"1\", \"imagen\": \"/marcas/_WNCYNNb2-QvfxN05_Z-8Pmt1lOLE4bs.png\"}', 1, '2023-04-20 20:00:43'),
(39, 3, 'marcas', 'update', '{\"estado\": 1, \"imagen\": \"/marcas/_WNCYNNb2-QvfxN05_Z-8Pmt1lOLE4bs.png\", \"nombre\": \"Microsoft\", \"id_marca\": 3, \"fecha_ing\": \"2023-04-12 19:57:55\", \"fecha_mod\": \"2023-04-20 20:00:43\", \"descripcion\": \"<p><font style=\\\"background-color: rgb(255, 255, 0);\\\" color=\\\"#000000\\\"><b>\\\"Lorem ipsum dolor sit amet, consectetur adipiscing elit, sed do eiusmod\\r\\n tempor incididunt ut labore et dolore magna aliqua. Ut enim ad minim \\r\\nveniam, quis nostrud exercitation ullamco laboris nisi ut aliquip ex ea \\r\\ncommodo consequat. Duis aute irure dolor in reprehenderit in voluptate \\r\\nvelit esse cillum dolore eu fugiat nulla pariatur. Excepteur sint \\r\\noccaecat cupidatat non proident, sunt in culpa qui officia deserunt \\r\\nmollit anim id est laborum.\\\"</b></font></p>\", \"id_usuario_ing\": 1, \"id_usuario_mod\": 1}', '{\"estado\": \"1\", \"imagen\": null}', 1, '2023-04-20 20:01:06'),
(40, 3, 'marcas', 'update', '{\"estado\": 1, \"imagen\": null, \"nombre\": \"Microsoft\", \"id_marca\": 3, \"fecha_ing\": \"2023-04-12 19:57:55\", \"fecha_mod\": \"2023-04-20 20:01:06\", \"descripcion\": \"<p><font style=\\\"background-color: rgb(255, 255, 0);\\\" color=\\\"#000000\\\"><b>\\\"Lorem ipsum dolor sit amet, consectetur adipiscing elit, sed do eiusmod\\r\\n tempor incididunt ut labore et dolore magna aliqua. Ut enim ad minim \\r\\nveniam, quis nostrud exercitation ullamco laboris nisi ut aliquip ex ea \\r\\ncommodo consequat. Duis aute irure dolor in reprehenderit in voluptate \\r\\nvelit esse cillum dolore eu fugiat nulla pariatur. Excepteur sint \\r\\noccaecat cupidatat non proident, sunt in culpa qui officia deserunt \\r\\nmollit anim id est laborum.\\\"</b></font></p>\", \"id_usuario_ing\": 1, \"id_usuario_mod\": 1}', '{\"estado\": \"1\", \"imagen\": \"/marcas/Qh9FOXV6fJBxToIDODzqTIBLca3fjQgR.png\"}', 1, '2023-04-20 20:03:09'),
(41, 3, 'marcas', 'update', '{\"estado\": 1, \"imagen\": \"/marcas/Qh9FOXV6fJBxToIDODzqTIBLca3fjQgR.png\", \"nombre\": \"Microsoft\", \"id_marca\": 3, \"fecha_ing\": \"2023-04-12 19:57:55\", \"fecha_mod\": \"2023-04-20 20:03:09\", \"descripcion\": \"<p><font style=\\\"background-color: rgb(255, 255, 0);\\\" color=\\\"#000000\\\"><b>\\\"Lorem ipsum dolor sit amet, consectetur adipiscing elit, sed do eiusmod\\r\\n tempor incididunt ut labore et dolore magna aliqua. Ut enim ad minim \\r\\nveniam, quis nostrud exercitation ullamco laboris nisi ut aliquip ex ea \\r\\ncommodo consequat. Duis aute irure dolor in reprehenderit in voluptate \\r\\nvelit esse cillum dolore eu fugiat nulla pariatur. Excepteur sint \\r\\noccaecat cupidatat non proident, sunt in culpa qui officia deserunt \\r\\nmollit anim id est laborum.\\\"</b></font></p>\", \"id_usuario_ing\": 1, \"id_usuario_mod\": 1}', '{\"estado\": \"1\", \"descripcion\": \"<p>\\\"Lorem ipsum dolor sit amet, consectetur adipiscing elit, sed do eiusmod\\r\\n tempor incididunt ut labore et dolore magna aliqua. Ut enim ad minim \\r\\nveniam, quis nostrud exercitation ullamco laboris nisi ut aliquip ex ea \\r\\ncommodo consequat. Duis aute irure dolor in reprehenderit in voluptate \\r\\nvelit esse cillum dolore eu fugiat nulla pariatur. Excepteur sint \\r\\noccaecat cupidatat non proident, sunt in culpa qui officia deserunt \\r\\nmollit anim id est laborum.\\\"</p>\"}', 1, '2023-04-20 20:06:42'),
(42, 3, 'marcas', 'update', '{\"estado\": 1, \"imagen\": \"/marcas/Qh9FOXV6fJBxToIDODzqTIBLca3fjQgR.png\", \"nombre\": \"Microsoft\", \"id_marca\": 3, \"fecha_ing\": \"2023-04-12 19:57:55\", \"fecha_mod\": \"2023-04-20 20:06:42\", \"descripcion\": \"<p>\\\"Lorem ipsum dolor sit amet, consectetur adipiscing elit, sed do eiusmod\\r\\n tempor incididunt ut labore et dolore magna aliqua. Ut enim ad minim \\r\\nveniam, quis nostrud exercitation ullamco laboris nisi ut aliquip ex ea \\r\\ncommodo consequat. Duis aute irure dolor in reprehenderit in voluptate \\r\\nvelit esse cillum dolore eu fugiat nulla pariatur. Excepteur sint \\r\\noccaecat cupidatat non proident, sunt in culpa qui officia deserunt \\r\\nmollit anim id est laborum.\\\"</p>\", \"id_usuario_ing\": 1, \"id_usuario_mod\": 1}', '{\"estado\": \"1\", \"imagen\": null}', 1, '2023-04-20 20:06:56'),
(43, 3, 'marcas', 'update', '{\"estado\": 1, \"imagen\": null, \"nombre\": \"Microsoft\", \"id_marca\": 3, \"fecha_ing\": \"2023-04-12 19:57:55\", \"fecha_mod\": \"2023-04-20 20:06:56\", \"descripcion\": \"<p>\\\"Lorem ipsum dolor sit amet, consectetur adipiscing elit, sed do eiusmod\\r\\n tempor incididunt ut labore et dolore magna aliqua. Ut enim ad minim \\r\\nveniam, quis nostrud exercitation ullamco laboris nisi ut aliquip ex ea \\r\\ncommodo consequat. Duis aute irure dolor in reprehenderit in voluptate \\r\\nvelit esse cillum dolore eu fugiat nulla pariatur. Excepteur sint \\r\\noccaecat cupidatat non proident, sunt in culpa qui officia deserunt \\r\\nmollit anim id est laborum.\\\"</p>\", \"id_usuario_ing\": 1, \"id_usuario_mod\": 1}', '{\"estado\": \"1\", \"imagen\": \"/marcas/2Vs8umIIqY1CM9vuXxsxSDijsuD6131d.png\"}', 1, '2023-04-20 20:07:21'),
(44, 3, 'marcas', 'update', '{\"estado\": 1, \"imagen\": \"/marcas/2Vs8umIIqY1CM9vuXxsxSDijsuD6131d.png\", \"nombre\": \"Microsoft\", \"id_marca\": 3, \"fecha_ing\": \"2023-04-12 19:57:55\", \"fecha_mod\": \"2023-04-20 20:07:21\", \"descripcion\": \"<p>\\\"Lorem ipsum dolor sit amet, consectetur adipiscing elit, sed do eiusmod\\r\\n tempor incididunt ut labore et dolore magna aliqua. Ut enim ad minim \\r\\nveniam, quis nostrud exercitation ullamco laboris nisi ut aliquip ex ea \\r\\ncommodo consequat. Duis aute irure dolor in reprehenderit in voluptate \\r\\nvelit esse cillum dolore eu fugiat nulla pariatur. Excepteur sint \\r\\noccaecat cupidatat non proident, sunt in culpa qui officia deserunt \\r\\nmollit anim id est laborum.\\\"</p>\", \"id_usuario_ing\": 1, \"id_usuario_mod\": 1}', '{\"estado\": \"1\", \"imagen\": null}', 1, '2023-04-20 20:07:34'),
(45, 3, 'marcas', 'update', '{\"estado\": 1, \"imagen\": null, \"nombre\": \"Microsoft\", \"id_marca\": 3, \"fecha_ing\": \"2023-04-12 19:57:55\", \"fecha_mod\": \"2023-04-20 20:07:34\", \"descripcion\": \"<p>\\\"Lorem ipsum dolor sit amet, consectetur adipiscing elit, sed do eiusmod\\r\\n tempor incididunt ut labore et dolore magna aliqua. Ut enim ad minim \\r\\nveniam, quis nostrud exercitation ullamco laboris nisi ut aliquip ex ea \\r\\ncommodo consequat. Duis aute irure dolor in reprehenderit in voluptate \\r\\nvelit esse cillum dolore eu fugiat nulla pariatur. Excepteur sint \\r\\noccaecat cupidatat non proident, sunt in culpa qui officia deserunt \\r\\nmollit anim id est laborum.\\\"</p>\", \"id_usuario_ing\": 1, \"id_usuario_mod\": 1}', '{\"estado\": \"1\", \"imagen\": \"/marcas/rM1IB-nAK3XkDjvrBxhSpwZug8Ujk9MN.png\"}', 1, '2023-04-20 20:07:51'),
(46, 3, 'marcas', 'update', '{\"estado\": 1, \"imagen\": \"/marcas/rM1IB-nAK3XkDjvrBxhSpwZug8Ujk9MN.png\", \"nombre\": \"Microsoft\", \"id_marca\": 3, \"fecha_ing\": \"2023-04-12 19:57:55\", \"fecha_mod\": \"2023-04-20 20:07:51\", \"descripcion\": \"<p>\\\"Lorem ipsum dolor sit amet, consectetur adipiscing elit, sed do eiusmod\\r\\n tempor incididunt ut labore et dolore magna aliqua. Ut enim ad minim \\r\\nveniam, quis nostrud exercitation ullamco laboris nisi ut aliquip ex ea \\r\\ncommodo consequat. Duis aute irure dolor in reprehenderit in voluptate \\r\\nvelit esse cillum dolore eu fugiat nulla pariatur. Excepteur sint \\r\\noccaecat cupidatat non proident, sunt in culpa qui officia deserunt \\r\\nmollit anim id est laborum.\\\"</p>\", \"id_usuario_ing\": 1, \"id_usuario_mod\": 1}', '{\"estado\": \"1\", \"imagen\": \"/marcas/qmxsTbTTjP9EYirpaL_hKEnmmJOUOmn4.png\"}', 1, '2023-04-20 20:08:05'),
(47, 1, 'marcas', 'update', '\"{\\n    \\\"id_marca\\\": 1,\\n    \\\"nombre\\\": \\\"Nintendo\\\",\\n    \\\"descripcion\\\": \\\"<p>\\\\\\\"Lorem ipsum dolor sit amet, consectetur adipiscing elit, sed do eiusmod\\\\r\\\\n tempor incididunt ut labore et dolore magna aliqua. Ut enim ad minim \\\\r\\\\nveniam, quis nostrud exercitation ullamco laboris nisi ut aliquip ex ea \\\\r\\\\ncommodo consequat. Duis aute irure dolor in reprehenderit in voluptate \\\\r\\\\nvelit esse cillum dolore eu fugiat nulla pariatur. Excepteur sint \\\\r\\\\noccaecat cupidatat non proident, sunt in culpa qui officia deserunt \\\\r\\\\nmollit anim id est laborum.\\\\\\\"<\\\\/p>\\\",\\n    \\\"imagen\\\": null,\\n    \\\"fecha_ing\\\": \\\"2023-04-11 19:24:34\\\",\\n    \\\"id_usuario_ing\\\": 1,\\n    \\\"fecha_mod\\\": \\\"2023-04-14 19:53:33\\\",\\n    \\\"id_usuario_mod\\\": 1,\\n    \\\"estado\\\": 1\\n}\"', '\"{\\n    \\\"imagen\\\": \\\"\\\\/ecommerce\\\\/web\\\\/marcas\\\\/ZbpawjPPQlnTI5vb0K144vACj_VG97fK.png\\\",\\n    \\\"estado\\\": \\\"1\\\"\\n}\"', 1, '2023-04-24 22:26:46'),
(48, 1, 'marcas', 'update', '\"{\\n    \\\"id_marca\\\": 1,\\n    \\\"nombre\\\": \\\"Nintendo\\\",\\n    \\\"descripcion\\\": \\\"<p>\\\\\\\"Lorem ipsum dolor sit amet, consectetur adipiscing elit, sed do eiusmod\\\\r\\\\n tempor incididunt ut labore et dolore magna aliqua. Ut enim ad minim \\\\r\\\\nveniam, quis nostrud exercitation ullamco laboris nisi ut aliquip ex ea \\\\r\\\\ncommodo consequat. Duis aute irure dolor in reprehenderit in voluptate \\\\r\\\\nvelit esse cillum dolore eu fugiat nulla pariatur. Excepteur sint \\\\r\\\\noccaecat cupidatat non proident, sunt in culpa qui officia deserunt \\\\r\\\\nmollit anim id est laborum.\\\\\\\"<\\\\/p>\\\",\\n    \\\"imagen\\\": null,\\n    \\\"fecha_ing\\\": \\\"2023-04-11 19:24:34\\\",\\n    \\\"id_usuario_ing\\\": 1,\\n    \\\"fecha_mod\\\": \\\"2023-04-24 22:26:46\\\",\\n    \\\"id_usuario_mod\\\": 1,\\n    \\\"estado\\\": 1\\n}\"', '\"{\\n    \\\"imagen\\\": \\\"\\\\/ecommerce\\\\/web\\\\/marcas\\\\/QDfFVqv9tZDvmVHRgdoaSG5TY1Vnscma.png\\\",\\n    \\\"estado\\\": \\\"1\\\"\\n}\"', 1, '2023-04-24 22:31:17'),
(49, 1, 'marcas', 'update', '\"{\\n    \\\"id_marca\\\": 1,\\n    \\\"nombre\\\": \\\"Nintendo\\\",\\n    \\\"descripcion\\\": \\\"<p>\\\\\\\"Lorem ipsum dolor sit amet, consectetur adipiscing elit, sed do eiusmod\\\\r\\\\n tempor incididunt ut labore et dolore magna aliqua. Ut enim ad minim \\\\r\\\\nveniam, quis nostrud exercitation ullamco laboris nisi ut aliquip ex ea \\\\r\\\\ncommodo consequat. Duis aute irure dolor in reprehenderit in voluptate \\\\r\\\\nvelit esse cillum dolore eu fugiat nulla pariatur. Excepteur sint \\\\r\\\\noccaecat cupidatat non proident, sunt in culpa qui officia deserunt \\\\r\\\\nmollit anim id est laborum.\\\\\\\"<\\\\/p>\\\",\\n    \\\"imagen\\\": null,\\n    \\\"fecha_ing\\\": \\\"2023-04-11 19:24:34\\\",\\n    \\\"id_usuario_ing\\\": 1,\\n    \\\"fecha_mod\\\": \\\"2023-04-24 22:31:17\\\",\\n    \\\"id_usuario_mod\\\": 1,\\n    \\\"estado\\\": 1\\n}\"', '\"{\\n    \\\"imagen\\\": \\\"\\\\/ecommerce\\\\/web\\\\/marcas\\\\/jvWIP652vv2DFDstq8ogLiHl5TwKW_DX.png\\\",\\n    \\\"estado\\\": \\\"1\\\"\\n}\"', 1, '2023-04-24 22:32:17'),
(50, 1, 'marcas', 'update', '\"{\\n    \\\"id_marca\\\": 1,\\n    \\\"nombre\\\": \\\"Nintendo\\\",\\n    \\\"descripcion\\\": \\\"<p>\\\\\\\"Lorem ipsum dolor sit amet, consectetur adipiscing elit, sed do eiusmod\\\\r\\\\n tempor incididunt ut labore et dolore magna aliqua. Ut enim ad minim \\\\r\\\\nveniam, quis nostrud exercitation ullamco laboris nisi ut aliquip ex ea \\\\r\\\\ncommodo consequat. Duis aute irure dolor in reprehenderit in voluptate \\\\r\\\\nvelit esse cillum dolore eu fugiat nulla pariatur. Excepteur sint \\\\r\\\\noccaecat cupidatat non proident, sunt in culpa qui officia deserunt \\\\r\\\\nmollit anim id est laborum.\\\\\\\"<\\\\/p>\\\",\\n    \\\"imagen\\\": null,\\n    \\\"fecha_ing\\\": \\\"2023-04-11 19:24:34\\\",\\n    \\\"id_usuario_ing\\\": 1,\\n    \\\"fecha_mod\\\": \\\"2023-04-24 22:32:17\\\",\\n    \\\"id_usuario_mod\\\": 1,\\n    \\\"estado\\\": 1\\n}\"', '\"{\\n    \\\"imagen\\\": \\\"\\\\/ecommerce\\\\/web\\\\/marcas\\\\/Qru0KF9XpydARi_LAzFyCfcKOH2UiLV9.png\\\",\\n    \\\"estado\\\": \\\"1\\\"\\n}\"', 1, '2023-04-24 22:33:24'),
(51, 1, 'marcas', 'update', '\"{\\n    \\\"id_marca\\\": 1,\\n    \\\"nombre\\\": \\\"Nintendo\\\",\\n    \\\"descripcion\\\": \\\"<p>\\\\\\\"Lorem ipsum dolor sit amet, consectetur adipiscing elit, sed do eiusmod\\\\r\\\\n tempor incididunt ut labore et dolore magna aliqua. Ut enim ad minim \\\\r\\\\nveniam, quis nostrud exercitation ullamco laboris nisi ut aliquip ex ea \\\\r\\\\ncommodo consequat. Duis aute irure dolor in reprehenderit in voluptate \\\\r\\\\nvelit esse cillum dolore eu fugiat nulla pariatur. Excepteur sint \\\\r\\\\noccaecat cupidatat non proident, sunt in culpa qui officia deserunt \\\\r\\\\nmollit anim id est laborum.\\\\\\\"<\\\\/p>\\\",\\n    \\\"imagen\\\": null,\\n    \\\"fecha_ing\\\": \\\"2023-04-11 19:24:34\\\",\\n    \\\"id_usuario_ing\\\": 1,\\n    \\\"fecha_mod\\\": \\\"2023-04-24 22:33:24\\\",\\n    \\\"id_usuario_mod\\\": 1,\\n    \\\"estado\\\": 1\\n}\"', '\"{\\n    \\\"imagen\\\": \\\"\\\\/ecommerce\\\\/web\\\\/marcas\\\\/nSk9JSqMu8fQ_3KEXADxzOHZreriC7-9.png\\\",\\n    \\\"estado\\\": \\\"1\\\"\\n}\"', 1, '2023-04-24 22:34:38'),
(52, 1, 'marcas', 'update', '\"{\\n    \\\"id_marca\\\": 1,\\n    \\\"nombre\\\": \\\"Nintendo\\\",\\n    \\\"descripcion\\\": \\\"<p>\\\\\\\"Lorem ipsum dolor sit amet, consectetur adipiscing elit, sed do eiusmod\\\\r\\\\n tempor incididunt ut labore et dolore magna aliqua. Ut enim ad minim \\\\r\\\\nveniam, quis nostrud exercitation ullamco laboris nisi ut aliquip ex ea \\\\r\\\\ncommodo consequat. Duis aute irure dolor in reprehenderit in voluptate \\\\r\\\\nvelit esse cillum dolore eu fugiat nulla pariatur. Excepteur sint \\\\r\\\\noccaecat cupidatat non proident, sunt in culpa qui officia deserunt \\\\r\\\\nmollit anim id est laborum.\\\\\\\"<\\\\/p>\\\",\\n    \\\"imagen\\\": null,\\n    \\\"fecha_ing\\\": \\\"2023-04-11 19:24:34\\\",\\n    \\\"id_usuario_ing\\\": 1,\\n    \\\"fecha_mod\\\": \\\"2023-04-24 22:34:38\\\",\\n    \\\"id_usuario_mod\\\": 1,\\n    \\\"estado\\\": 1\\n}\"', '\"{\\n    \\\"imagen\\\": \\\"\\\\/ecommerce\\\\/web\\\\/marcas\\\\/O4lcse3Tg8yNqMRdiKymsI0hN7KnyJH7.png\\\",\\n    \\\"estado\\\": \\\"1\\\"\\n}\"', 1, '2023-04-24 22:38:57'),
(53, 2, 'marcas', 'update', '\"{\\n    \\\"id_marca\\\": 2,\\n    \\\"nombre\\\": \\\"Sony\\\",\\n    \\\"descripcion\\\": \\\"<p>\\\\\\\"Lorem ipsum dolor sit amet, consectetur adipiscing elit, sed do eiusmod\\\\r\\\\n tempor incididunt ut labore et dolore magna aliqua. Ut enim ad minim \\\\r\\\\nveniam, quis nostrud exercitation ullamco laboris nisi ut aliquip ex ea \\\\r\\\\ncommodo consequat. Duis aute irure dolor in reprehenderit in voluptate \\\\r\\\\nvelit esse cillum dolore eu fugiat nulla pariatur. Excepteur sint \\\\r\\\\noccaecat cupidatat non proident, sunt in culpa qui officia deserunt \\\\r\\\\nmollit anim id est laborum.\\\\\\\"<\\\\/p>\\\",\\n    \\\"imagen\\\": null,\\n    \\\"fecha_ing\\\": \\\"2023-04-11 19:57:12\\\",\\n    \\\"id_usuario_ing\\\": 1,\\n    \\\"fecha_mod\\\": \\\"2023-04-14 19:57:30\\\",\\n    \\\"id_usuario_mod\\\": 1,\\n    \\\"estado\\\": 1\\n}\"', '\"{\\n    \\\"imagen\\\": \\\"\\\\/ecommerce\\\\/web\\\\/marcas\\\\/tykrQVkk1FO9OBttlUg0ZQERu4Tul9KG.png\\\",\\n    \\\"estado\\\": \\\"1\\\"\\n}\"', 1, '2023-04-25 01:23:34'),
(54, 1, 'marcas', 'update', '\"{\\n    \\\"id_marca\\\": 1,\\n    \\\"nombre\\\": \\\"Nintendo\\\",\\n    \\\"descripcion\\\": \\\"<p>\\\\\\\"Lorem ipsum dolor sit amet, consectetur adipiscing elit, sed do eiusmod\\\\r\\\\n tempor incididunt ut labore et dolore magna aliqua. Ut enim ad minim \\\\r\\\\nveniam, quis nostrud exercitation ullamco laboris nisi ut aliquip ex ea \\\\r\\\\ncommodo consequat. Duis aute irure dolor in reprehenderit in voluptate \\\\r\\\\nvelit esse cillum dolore eu fugiat nulla pariatur. Excepteur sint \\\\r\\\\noccaecat cupidatat non proident, sunt in culpa qui officia deserunt \\\\r\\\\nmollit anim id est laborum.\\\\\\\"<\\\\/p>\\\",\\n    \\\"imagen\\\": null,\\n    \\\"fecha_ing\\\": \\\"2023-04-11 19:24:34\\\",\\n    \\\"id_usuario_ing\\\": 1,\\n    \\\"fecha_mod\\\": \\\"2023-04-24 22:38:57\\\",\\n    \\\"id_usuario_mod\\\": 1,\\n    \\\"estado\\\": 1\\n}\"', '\"{\\n    \\\"imagen\\\": \\\"\\\\/marcas\\\\/r7mBZWwsFqS_FRM2bOmW9mtu42awqaOn.png\\\",\\n    \\\"estado\\\": \\\"1\\\"\\n}\"', 1, '2023-04-25 09:54:28'),
(55, 1, 'marcas', 'update', '\"{\\n    \\\"id_marca\\\": 1,\\n    \\\"nombre\\\": \\\"Nintendo\\\",\\n    \\\"descripcion\\\": \\\"<p>\\\\\\\"Lorem ipsum dolor sit amet, consectetur adipiscing elit, sed do eiusmod\\\\r\\\\n tempor incididunt ut labore et dolore magna aliqua. Ut enim ad minim \\\\r\\\\nveniam, quis nostrud exercitation ullamco laboris nisi ut aliquip ex ea \\\\r\\\\ncommodo consequat. Duis aute irure dolor in reprehenderit in voluptate \\\\r\\\\nvelit esse cillum dolore eu fugiat nulla pariatur. Excepteur sint \\\\r\\\\noccaecat cupidatat non proident, sunt in culpa qui officia deserunt \\\\r\\\\nmollit anim id est laborum.\\\\\\\"<\\\\/p>\\\",\\n    \\\"imagen\\\": \\\"\\\\/marcas\\\\/r7mBZWwsFqS_FRM2bOmW9mtu42awqaOn.png\\\",\\n    \\\"fecha_ing\\\": \\\"2023-04-11 19:24:34\\\",\\n    \\\"id_usuario_ing\\\": 1,\\n    \\\"fecha_mod\\\": \\\"2023-04-25 09:54:28\\\",\\n    \\\"id_usuario_mod\\\": 1,\\n    \\\"estado\\\": 1\\n}\"', '\"{\\n    \\\"imagen\\\": null,\\n    \\\"estado\\\": \\\"1\\\"\\n}\"', 1, '2023-04-25 09:59:37'),
(56, 2, 'marcas', 'update', '\"{\\n    \\\"id_marca\\\": 2,\\n    \\\"nombre\\\": \\\"Sony\\\",\\n    \\\"descripcion\\\": \\\"<p>\\\\\\\"Lorem ipsum dolor sit amet, consectetur adipiscing elit, sed do eiusmod\\\\r\\\\n tempor incididunt ut labore et dolore magna aliqua. Ut enim ad minim \\\\r\\\\nveniam, quis nostrud exercitation ullamco laboris nisi ut aliquip ex ea \\\\r\\\\ncommodo consequat. Duis aute irure dolor in reprehenderit in voluptate \\\\r\\\\nvelit esse cillum dolore eu fugiat nulla pariatur. Excepteur sint \\\\r\\\\noccaecat cupidatat non proident, sunt in culpa qui officia deserunt \\\\r\\\\nmollit anim id est laborum.\\\\\\\"<\\\\/p>\\\",\\n    \\\"imagen\\\": null,\\n    \\\"fecha_ing\\\": \\\"2023-04-11 19:57:12\\\",\\n    \\\"id_usuario_ing\\\": 1,\\n    \\\"fecha_mod\\\": \\\"2023-04-25 01:23:34\\\",\\n    \\\"id_usuario_mod\\\": 1,\\n    \\\"estado\\\": 1\\n}\"', '\"{\\n    \\\"imagen\\\": \\\"\\\\/marcas\\\\/RYet3SQnDs94Tcxv-KQ5qUtkTkwhY5rP.jpg\\\",\\n    \\\"estado\\\": \\\"1\\\"\\n}\"', 1, '2023-04-25 10:01:36');
INSERT INTO `tbl_bitacora` (`id_bitacora`, `id_registro`, `controlador`, `accion`, `data_original`, `data_modificada`, `id_usuario`, `fecha`) VALUES
(57, 2, 'marcas', 'update', '\"{\\n    \\\"id_marca\\\": 2,\\n    \\\"nombre\\\": \\\"Sony\\\",\\n    \\\"descripcion\\\": \\\"<p>\\\\\\\"Lorem ipsum dolor sit amet, consectetur adipiscing elit, sed do eiusmod\\\\r\\\\n tempor incididunt ut labore et dolore magna aliqua. Ut enim ad minim \\\\r\\\\nveniam, quis nostrud exercitation ullamco laboris nisi ut aliquip ex ea \\\\r\\\\ncommodo consequat. Duis aute irure dolor in reprehenderit in voluptate \\\\r\\\\nvelit esse cillum dolore eu fugiat nulla pariatur. Excepteur sint \\\\r\\\\noccaecat cupidatat non proident, sunt in culpa qui officia deserunt \\\\r\\\\nmollit anim id est laborum.\\\\\\\"<\\\\/p>\\\",\\n    \\\"imagen\\\": \\\"\\\\/marcas\\\\/RYet3SQnDs94Tcxv-KQ5qUtkTkwhY5rP.jpg\\\",\\n    \\\"fecha_ing\\\": \\\"2023-04-11 19:57:12\\\",\\n    \\\"id_usuario_ing\\\": 1,\\n    \\\"fecha_mod\\\": \\\"2023-04-25 10:01:36\\\",\\n    \\\"id_usuario_mod\\\": 1,\\n    \\\"estado\\\": 1\\n}\"', '\"{\\n    \\\"imagen\\\": null,\\n    \\\"estado\\\": \\\"1\\\"\\n}\"', 1, '2023-04-25 10:01:43'),
(58, 1, 'marcas', 'update', '\"{\\n    \\\"id_marca\\\": 1,\\n    \\\"nombre\\\": \\\"Nintendo\\\",\\n    \\\"descripcion\\\": \\\"<p>\\\\\\\"Lorem ipsum dolor sit amet, consectetur adipiscing elit, sed do eiusmod\\\\r\\\\n tempor incididunt ut labore et dolore magna aliqua. Ut enim ad minim \\\\r\\\\nveniam, quis nostrud exercitation ullamco laboris nisi ut aliquip ex ea \\\\r\\\\ncommodo consequat. Duis aute irure dolor in reprehenderit in voluptate \\\\r\\\\nvelit esse cillum dolore eu fugiat nulla pariatur. Excepteur sint \\\\r\\\\noccaecat cupidatat non proident, sunt in culpa qui officia deserunt \\\\r\\\\nmollit anim id est laborum.\\\\\\\"<\\\\/p>\\\",\\n    \\\"imagen\\\": null,\\n    \\\"fecha_ing\\\": \\\"2023-04-11 19:24:34\\\",\\n    \\\"id_usuario_ing\\\": 1,\\n    \\\"fecha_mod\\\": \\\"2023-04-25 09:59:37\\\",\\n    \\\"id_usuario_mod\\\": 1,\\n    \\\"estado\\\": 1\\n}\"', '\"{\\n    \\\"imagen\\\": \\\"\\\\/marcas\\\\/bHZzQWXhcfVEIE8T3rt-AqYH33dxHFU7.png\\\",\\n    \\\"estado\\\": \\\"1\\\"\\n}\"', 1, '2023-04-25 10:45:09'),
(59, 1, 'marcas', 'update', '\"{\\n    \\\"id_marca\\\": 1,\\n    \\\"nombre\\\": \\\"Nintendo\\\",\\n    \\\"descripcion\\\": \\\"<p>\\\\\\\"Lorem ipsum dolor sit amet, consectetur adipiscing elit, sed do eiusmod\\\\r\\\\n tempor incididunt ut labore et dolore magna aliqua. Ut enim ad minim \\\\r\\\\nveniam, quis nostrud exercitation ullamco laboris nisi ut aliquip ex ea \\\\r\\\\ncommodo consequat. Duis aute irure dolor in reprehenderit in voluptate \\\\r\\\\nvelit esse cillum dolore eu fugiat nulla pariatur. Excepteur sint \\\\r\\\\noccaecat cupidatat non proident, sunt in culpa qui officia deserunt \\\\r\\\\nmollit anim id est laborum.\\\\\\\"<\\\\/p>\\\",\\n    \\\"imagen\\\": \\\"\\\\/marcas\\\\/bHZzQWXhcfVEIE8T3rt-AqYH33dxHFU7.png\\\",\\n    \\\"fecha_ing\\\": \\\"2023-04-11 19:24:34\\\",\\n    \\\"id_usuario_ing\\\": 1,\\n    \\\"fecha_mod\\\": \\\"2023-04-25 10:45:09\\\",\\n    \\\"id_usuario_mod\\\": 1,\\n    \\\"estado\\\": 1\\n}\"', '\"{\\n    \\\"imagen\\\": null,\\n    \\\"estado\\\": \\\"1\\\"\\n}\"', 1, '2023-04-25 10:45:17'),
(60, 1, 'marcas', 'update', '\"{\\n    \\\"id_marca\\\": 1,\\n    \\\"nombre\\\": \\\"Nintendo\\\",\\n    \\\"descripcion\\\": \\\"<p>\\\\\\\"Lorem ipsum dolor sit amet, consectetur adipiscing elit, sed do eiusmod\\\\r\\\\n tempor incididunt ut labore et dolore magna aliqua. Ut enim ad minim \\\\r\\\\nveniam, quis nostrud exercitation ullamco laboris nisi ut aliquip ex ea \\\\r\\\\ncommodo consequat. Duis aute irure dolor in reprehenderit in voluptate \\\\r\\\\nvelit esse cillum dolore eu fugiat nulla pariatur. Excepteur sint \\\\r\\\\noccaecat cupidatat non proident, sunt in culpa qui officia deserunt \\\\r\\\\nmollit anim id est laborum.\\\\\\\"<\\\\/p>\\\",\\n    \\\"imagen\\\": null,\\n    \\\"fecha_ing\\\": \\\"2023-04-11 19:24:34\\\",\\n    \\\"id_usuario_ing\\\": 1,\\n    \\\"fecha_mod\\\": \\\"2023-04-25 10:45:17\\\",\\n    \\\"id_usuario_mod\\\": 1,\\n    \\\"estado\\\": 1\\n}\"', '\"{\\n    \\\"imagen\\\": \\\"\\\\/marcas\\\\/C6BDrgFgizpPZjD1vUZ6oUoMQRK-fv4-.png\\\",\\n    \\\"estado\\\": \\\"1\\\"\\n}\"', 1, '2023-04-25 10:51:29'),
(61, 1, 'marcas', 'update', '\"{\\n    \\\"id_marca\\\": 1,\\n    \\\"nombre\\\": \\\"Nintendo\\\",\\n    \\\"descripcion\\\": \\\"<p>\\\\\\\"Lorem ipsum dolor sit amet, consectetur adipiscing elit, sed do eiusmod\\\\r\\\\n tempor incididunt ut labore et dolore magna aliqua. Ut enim ad minim \\\\r\\\\nveniam, quis nostrud exercitation ullamco laboris nisi ut aliquip ex ea \\\\r\\\\ncommodo consequat. Duis aute irure dolor in reprehenderit in voluptate \\\\r\\\\nvelit esse cillum dolore eu fugiat nulla pariatur. Excepteur sint \\\\r\\\\noccaecat cupidatat non proident, sunt in culpa qui officia deserunt \\\\r\\\\nmollit anim id est laborum.\\\\\\\"<\\\\/p>\\\",\\n    \\\"imagen\\\": \\\"\\\\/marcas\\\\/C6BDrgFgizpPZjD1vUZ6oUoMQRK-fv4-.png\\\",\\n    \\\"fecha_ing\\\": \\\"2023-04-11 19:24:34\\\",\\n    \\\"id_usuario_ing\\\": 1,\\n    \\\"fecha_mod\\\": \\\"2023-04-25 10:51:29\\\",\\n    \\\"id_usuario_mod\\\": 1,\\n    \\\"estado\\\": 1\\n}\"', '\"{\\n    \\\"nombre\\\": \\\"Nintendo Edit\\\",\\n    \\\"imagen\\\": null,\\n    \\\"estado\\\": \\\"1\\\"\\n}\"', 1, '2023-04-25 10:51:36'),
(62, 1, 'marcas', 'update', '\"{\\n    \\\"id_marca\\\": 1,\\n    \\\"nombre\\\": \\\"Nintendo Edit\\\",\\n    \\\"descripcion\\\": \\\"<p>\\\\\\\"Lorem ipsum dolor sit amet, consectetur adipiscing elit, sed do eiusmod\\\\r\\\\n tempor incididunt ut labore et dolore magna aliqua. Ut enim ad minim \\\\r\\\\nveniam, quis nostrud exercitation ullamco laboris nisi ut aliquip ex ea \\\\r\\\\ncommodo consequat. Duis aute irure dolor in reprehenderit in voluptate \\\\r\\\\nvelit esse cillum dolore eu fugiat nulla pariatur. Excepteur sint \\\\r\\\\noccaecat cupidatat non proident, sunt in culpa qui officia deserunt \\\\r\\\\nmollit anim id est laborum.\\\\\\\"<\\\\/p>\\\",\\n    \\\"imagen\\\": null,\\n    \\\"fecha_ing\\\": \\\"2023-04-11 19:24:34\\\",\\n    \\\"id_usuario_ing\\\": 1,\\n    \\\"fecha_mod\\\": \\\"2023-04-25 10:51:36\\\",\\n    \\\"id_usuario_mod\\\": 1,\\n    \\\"estado\\\": 1\\n}\"', '\"{\\n    \\\"imagen\\\": \\\"\\\\/marcas\\\\/DV1Nl9eHB1jZ3hySns1pqBrBcivYst7R.png\\\",\\n    \\\"estado\\\": \\\"1\\\"\\n}\"', 1, '2023-04-25 11:04:21'),
(63, 2, 'marcas', 'update', '\"{\\n    \\\"id_marca\\\": 2,\\n    \\\"nombre\\\": \\\"Sony\\\",\\n    \\\"descripcion\\\": \\\"<p>\\\\\\\"Lorem ipsum dolor sit amet, consectetur adipiscing elit, sed do eiusmod\\\\r\\\\n tempor incididunt ut labore et dolore magna aliqua. Ut enim ad minim \\\\r\\\\nveniam, quis nostrud exercitation ullamco laboris nisi ut aliquip ex ea \\\\r\\\\ncommodo consequat. Duis aute irure dolor in reprehenderit in voluptate \\\\r\\\\nvelit esse cillum dolore eu fugiat nulla pariatur. Excepteur sint \\\\r\\\\noccaecat cupidatat non proident, sunt in culpa qui officia deserunt \\\\r\\\\nmollit anim id est laborum.\\\\\\\"<\\\\/p>\\\",\\n    \\\"imagen\\\": null,\\n    \\\"fecha_ing\\\": \\\"2023-04-11 19:57:12\\\",\\n    \\\"id_usuario_ing\\\": 1,\\n    \\\"fecha_mod\\\": \\\"2023-04-25 10:01:43\\\",\\n    \\\"id_usuario_mod\\\": 1,\\n    \\\"estado\\\": 1\\n}\"', '\"{\\n    \\\"imagen\\\": \\\"\\\\/marcas\\\\/B8S6F806lvftSLOwJFv2S6Rk79wAZeXe.jpg\\\",\\n    \\\"estado\\\": \\\"1\\\"\\n}\"', 1, '2023-04-25 11:04:31'),
(64, 3, 'marcas', 'update', '\"{\\n    \\\"id_marca\\\": 3,\\n    \\\"nombre\\\": \\\"Microsoft\\\",\\n    \\\"descripcion\\\": \\\"<p>\\\\\\\"Lorem ipsum dolor sit amet, consectetur adipiscing elit, sed do eiusmod\\\\r\\\\n tempor incididunt ut labore et dolore magna aliqua. Ut enim ad minim \\\\r\\\\nveniam, quis nostrud exercitation ullamco laboris nisi ut aliquip ex ea \\\\r\\\\ncommodo consequat. Duis aute irure dolor in reprehenderit in voluptate \\\\r\\\\nvelit esse cillum dolore eu fugiat nulla pariatur. Excepteur sint \\\\r\\\\noccaecat cupidatat non proident, sunt in culpa qui officia deserunt \\\\r\\\\nmollit anim id est laborum.\\\\\\\"<\\\\/p>\\\",\\n    \\\"imagen\\\": null,\\n    \\\"fecha_ing\\\": \\\"2023-04-12 19:57:55\\\",\\n    \\\"id_usuario_ing\\\": 1,\\n    \\\"fecha_mod\\\": \\\"2023-04-20 20:08:05\\\",\\n    \\\"id_usuario_mod\\\": 1,\\n    \\\"estado\\\": 1\\n}\"', '\"{\\n    \\\"imagen\\\": \\\"\\\\/marcas\\\\/RtTVcGEQESahmPVskRJoMde8xT6cPqi2.png\\\",\\n    \\\"estado\\\": \\\"1\\\"\\n}\"', 1, '2023-04-25 11:07:26'),
(65, 4, 'marcas', 'update', '\"{\\n    \\\"id_marca\\\": 4,\\n    \\\"nombre\\\": \\\"LG\\\",\\n    \\\"descripcion\\\": \\\"<p>\\\\\\\"Lorem ipsum dolor sit amet, consectetur adipiscing elit, sed do eiusmod\\\\r\\\\n tempor incididunt ut labore et dolore magna aliqua. Ut enim ad minim \\\\r\\\\nveniam, quis nostrud exercitation ullamco laboris nisi ut aliquip ex ea \\\\r\\\\ncommodo consequat. Duis aute irure dolor in reprehenderit in voluptate \\\\r\\\\nvelit esse cillum dolore eu fugiat nulla pariatur. Excepteur sint \\\\r\\\\noccaecat cupidatat non proident, sunt in culpa qui officia deserunt \\\\r\\\\nmollit anim id est laborum.\\\\\\\"<\\\\/p>\\\",\\n    \\\"imagen\\\": null,\\n    \\\"fecha_ing\\\": \\\"2023-04-13 19:58:18\\\",\\n    \\\"id_usuario_ing\\\": 1,\\n    \\\"fecha_mod\\\": \\\"2023-04-14 19:58:18\\\",\\n    \\\"id_usuario_mod\\\": 1,\\n    \\\"estado\\\": 1\\n}\"', '\"{\\n    \\\"imagen\\\": \\\"\\\\/marcas\\\\/bxU3qlCAfk9NMdpTPrDt-2g5VOGKUm-G.png\\\",\\n    \\\"estado\\\": \\\"1\\\"\\n}\"', 1, '2023-04-25 11:07:36'),
(66, 5, 'marcas', 'update', '\"{\\n    \\\"id_marca\\\": 5,\\n    \\\"nombre\\\": \\\"Apple\\\",\\n    \\\"descripcion\\\": \\\"<p>\\\\\\\"Lorem ipsum dolor sit amet, consectetur adipiscing elit, sed do eiusmod\\\\r\\\\n tempor incididunt ut labore et dolore magna aliqua. Ut enim ad minim \\\\r\\\\nveniam, quis nostrud exercitation ullamco laboris nisi ut aliquip ex ea \\\\r\\\\ncommodo consequat. Duis aute irure dolor in reprehenderit in voluptate \\\\r\\\\nvelit esse cillum dolore eu fugiat nulla pariatur. Excepteur sint \\\\r\\\\noccaecat cupidatat non proident, sunt in culpa qui officia deserunt \\\\r\\\\nmollit anim id est laborum.\\\\\\\"<\\\\/p>\\\",\\n    \\\"imagen\\\": null,\\n    \\\"fecha_ing\\\": \\\"2023-04-14 19:58:43\\\",\\n    \\\"id_usuario_ing\\\": 1,\\n    \\\"fecha_mod\\\": \\\"2023-04-14 19:58:43\\\",\\n    \\\"id_usuario_mod\\\": 1,\\n    \\\"estado\\\": 1\\n}\"', '\"{\\n    \\\"imagen\\\": \\\"\\\\/marcas\\\\/Cz42roXvcxPObSwO9hftdLw64uuWOI9o.png\\\",\\n    \\\"estado\\\": \\\"1\\\"\\n}\"', 1, '2023-04-25 11:07:48'),
(67, 6, 'marcas', 'update', '\"{\\n    \\\"id_marca\\\": 6,\\n    \\\"nombre\\\": \\\"SAMSUNG\\\",\\n    \\\"descripcion\\\": \\\"<p>\\\\\\\"Lorem ipsum dolor sit amet, consectetur adipiscing elit, sed do eiusmod\\\\r\\\\n tempor incididunt ut labore et dolore magna aliqua. Ut enim ad minim \\\\r\\\\nveniam, quis nostrud exercitation ullamco laboris nisi ut aliquip ex ea \\\\r\\\\ncommodo consequat. Duis aute irure dolor in reprehenderit in voluptate \\\\r\\\\nvelit esse cillum dolore eu fugiat nulla pariatur. Excepteur sint \\\\r\\\\noccaecat cupidatat non proident, sunt in culpa qui officia deserunt \\\\r\\\\nmollit anim id est laborum.\\\\\\\"<\\\\/p>\\\",\\n    \\\"imagen\\\": null,\\n    \\\"fecha_ing\\\": \\\"2023-04-14 19:59:09\\\",\\n    \\\"id_usuario_ing\\\": 1,\\n    \\\"fecha_mod\\\": \\\"2023-04-14 20:12:48\\\",\\n    \\\"id_usuario_mod\\\": 1,\\n    \\\"estado\\\": 1\\n}\"', '\"{\\n    \\\"imagen\\\": \\\"\\\\/marcas\\\\/aRBWNh-YuVwKk5EawXWdNLZ8hz14tFO5.png\\\",\\n    \\\"estado\\\": \\\"1\\\"\\n}\"', 1, '2023-04-25 11:07:57'),
(68, 6, 'marcas', 'delete', '\"{\\n    \\\"id_marca\\\": 6,\\n    \\\"nombre\\\": \\\"SAMSUNG\\\",\\n    \\\"descripcion\\\": \\\"<p>\\\\\\\"Lorem ipsum dolor sit amet, consectetur adipiscing elit, sed do eiusmod\\\\r\\\\n tempor incididunt ut labore et dolore magna aliqua. Ut enim ad minim \\\\r\\\\nveniam, quis nostrud exercitation ullamco laboris nisi ut aliquip ex ea \\\\r\\\\ncommodo consequat. Duis aute irure dolor in reprehenderit in voluptate \\\\r\\\\nvelit esse cillum dolore eu fugiat nulla pariatur. Excepteur sint \\\\r\\\\noccaecat cupidatat non proident, sunt in culpa qui officia deserunt \\\\r\\\\nmollit anim id est laborum.\\\\\\\"<\\\\/p>\\\",\\n    \\\"imagen\\\": \\\"\\\\/marcas\\\\/aRBWNh-YuVwKk5EawXWdNLZ8hz14tFO5.png\\\",\\n    \\\"fecha_ing\\\": \\\"2023-04-14 19:59:09\\\",\\n    \\\"id_usuario_ing\\\": 1,\\n    \\\"fecha_mod\\\": \\\"2023-04-25 11:07:57\\\",\\n    \\\"id_usuario_mod\\\": 1,\\n    \\\"estado\\\": 1\\n}\"', '\"{\\n    \\\"estado\\\": 0\\n}\"', 1, '2023-04-25 16:44:48'),
(69, 6, 'marcas', 'update', '\"{\\n    \\\"id_marca\\\": 6,\\n    \\\"nombre\\\": \\\"SAMSUNG\\\",\\n    \\\"descripcion\\\": \\\"<p>\\\\\\\"Lorem ipsum dolor sit amet, consectetur adipiscing elit, sed do eiusmod\\\\r\\\\n tempor incididunt ut labore et dolore magna aliqua. Ut enim ad minim \\\\r\\\\nveniam, quis nostrud exercitation ullamco laboris nisi ut aliquip ex ea \\\\r\\\\ncommodo consequat. Duis aute irure dolor in reprehenderit in voluptate \\\\r\\\\nvelit esse cillum dolore eu fugiat nulla pariatur. Excepteur sint \\\\r\\\\noccaecat cupidatat non proident, sunt in culpa qui officia deserunt \\\\r\\\\nmollit anim id est laborum.\\\\\\\"<\\\\/p>\\\",\\n    \\\"imagen\\\": \\\"\\\\/marcas\\\\/aRBWNh-YuVwKk5EawXWdNLZ8hz14tFO5.png\\\",\\n    \\\"fecha_ing\\\": \\\"2023-04-14 19:59:09\\\",\\n    \\\"id_usuario_ing\\\": 1,\\n    \\\"fecha_mod\\\": \\\"2023-04-25 16:44:48\\\",\\n    \\\"id_usuario_mod\\\": 1,\\n    \\\"estado\\\": 0\\n}\"', '\"{\\n    \\\"imagen\\\": \\\"\\\\/marcas\\\\/tIopubhx1sfXUSvQpTJc3y2f3-jt1-A6.png\\\",\\n    \\\"estado\\\": \\\"1\\\"\\n}\"', 1, '2023-04-25 16:46:08'),
(70, 1, 'marcas', 'update', '\"{\\n    \\\"id_marca\\\": 1,\\n    \\\"nombre\\\": \\\"Nintendo Edit\\\",\\n    \\\"descripcion\\\": \\\"<p>\\\\\\\"Lorem ipsum dolor sit amet, consectetur adipiscing elit, sed do eiusmod\\\\r\\\\n tempor incididunt ut labore et dolore magna aliqua. Ut enim ad minim \\\\r\\\\nveniam, quis nostrud exercitation ullamco laboris nisi ut aliquip ex ea \\\\r\\\\ncommodo consequat. Duis aute irure dolor in reprehenderit in voluptate \\\\r\\\\nvelit esse cillum dolore eu fugiat nulla pariatur. Excepteur sint \\\\r\\\\noccaecat cupidatat non proident, sunt in culpa qui officia deserunt \\\\r\\\\nmollit anim id est laborum.\\\\\\\"<\\\\/p>\\\",\\n    \\\"imagen\\\": \\\"\\\\/marcas\\\\/DV1Nl9eHB1jZ3hySns1pqBrBcivYst7R.png\\\",\\n    \\\"fecha_ing\\\": \\\"2023-04-11 19:24:34\\\",\\n    \\\"id_usuario_ing\\\": 1,\\n    \\\"fecha_mod\\\": \\\"2023-04-25 11:04:21\\\",\\n    \\\"id_usuario_mod\\\": 1,\\n    \\\"estado\\\": 1\\n}\"', '\"{\\n    \\\"nombre\\\": \\\"Nintendo\\\",\\n    \\\"estado\\\": \\\"1\\\"\\n}\"', 1, '2023-04-26 00:01:18'),
(71, 1, 'marcas', 'update', '\"{\\n    \\\"id_marca\\\": 1,\\n    \\\"nombre\\\": \\\"Nintendo\\\",\\n    \\\"descripcion\\\": \\\"<p>\\\\\\\"Lorem ipsum dolor sit amet, consectetur adipiscing elit, sed do eiusmod\\\\r\\\\n tempor incididunt ut labore et dolore magna aliqua. Ut enim ad minim \\\\r\\\\nveniam, quis nostrud exercitation ullamco laboris nisi ut aliquip ex ea \\\\r\\\\ncommodo consequat. Duis aute irure dolor in reprehenderit in voluptate \\\\r\\\\nvelit esse cillum dolore eu fugiat nulla pariatur. Excepteur sint \\\\r\\\\noccaecat cupidatat non proident, sunt in culpa qui officia deserunt \\\\r\\\\nmollit anim id est laborum.\\\\\\\"<\\\\/p>\\\",\\n    \\\"imagen\\\": \\\"\\\\/marcas\\\\/DV1Nl9eHB1jZ3hySns1pqBrBcivYst7R.png\\\",\\n    \\\"fecha_ing\\\": \\\"2023-04-11 19:24:34\\\",\\n    \\\"id_usuario_ing\\\": 1,\\n    \\\"fecha_mod\\\": \\\"2023-04-26 00:01:18\\\",\\n    \\\"id_usuario_mod\\\": 1,\\n    \\\"estado\\\": 1\\n}\"', '\"{\\n    \\\"estado\\\": \\\"1\\\"\\n}\"', 1, '2023-04-26 00:01:28'),
(72, 1, 'marcas', 'update', '\"{\\n    \\\"id_marca\\\": 1,\\n    \\\"nombre\\\": \\\"Nintendo\\\",\\n    \\\"descripcion\\\": \\\"<p>\\\\\\\"Lorem ipsum dolor sit amet, consectetur adipiscing elit, sed do eiusmod\\\\r\\\\n tempor incididunt ut labore et dolore magna aliqua. Ut enim ad minim \\\\r\\\\nveniam, quis nostrud exercitation ullamco laboris nisi ut aliquip ex ea \\\\r\\\\ncommodo consequat. Duis aute irure dolor in reprehenderit in voluptate \\\\r\\\\nvelit esse cillum dolore eu fugiat nulla pariatur. Excepteur sint \\\\r\\\\noccaecat cupidatat non proident, sunt in culpa qui officia deserunt \\\\r\\\\nmollit anim id est laborum.\\\\\\\"<\\\\/p>\\\",\\n    \\\"imagen\\\": \\\"\\\\/marcas\\\\/DV1Nl9eHB1jZ3hySns1pqBrBcivYst7R.png\\\",\\n    \\\"fecha_ing\\\": \\\"2023-04-11 19:24:34\\\",\\n    \\\"id_usuario_ing\\\": 1,\\n    \\\"fecha_mod\\\": \\\"2023-04-26 00:01:28\\\",\\n    \\\"id_usuario_mod\\\": 1,\\n    \\\"estado\\\": 1\\n}\"', '\"{\\n    \\\"estado\\\": \\\"1\\\"\\n}\"', 1, '2023-04-26 00:02:26'),
(73, 1, 'marcas', 'update', '\"{\\n    \\\"id_marca\\\": 1,\\n    \\\"nombre\\\": \\\"Nintendo\\\",\\n    \\\"descripcion\\\": \\\"<p>\\\\\\\"Lorem ipsum dolor sit amet, consectetur adipiscing elit, sed do eiusmod\\\\r\\\\n tempor incididunt ut labore et dolore magna aliqua. Ut enim ad minim \\\\r\\\\nveniam, quis nostrud exercitation ullamco laboris nisi ut aliquip ex ea \\\\r\\\\ncommodo consequat. Duis aute irure dolor in reprehenderit in voluptate \\\\r\\\\nvelit esse cillum dolore eu fugiat nulla pariatur. Excepteur sint \\\\r\\\\noccaecat cupidatat non proident, sunt in culpa qui officia deserunt \\\\r\\\\nmollit anim id est laborum.\\\\\\\"<\\\\/p>\\\",\\n    \\\"imagen\\\": \\\"\\\\/marcas\\\\/DV1Nl9eHB1jZ3hySns1pqBrBcivYst7R.png\\\",\\n    \\\"fecha_ing\\\": \\\"2023-04-11 19:24:34\\\",\\n    \\\"id_usuario_ing\\\": 1,\\n    \\\"fecha_mod\\\": \\\"2023-04-26 00:02:26\\\",\\n    \\\"id_usuario_mod\\\": 1,\\n    \\\"estado\\\": 1\\n}\"', '\"{\\n    \\\"imagen\\\": null,\\n    \\\"estado\\\": \\\"1\\\"\\n}\"', 1, '2023-04-26 00:04:39'),
(74, 1, 'marcas', 'update', '\"{\\n    \\\"id_marca\\\": 1,\\n    \\\"nombre\\\": \\\"Nintendo\\\",\\n    \\\"descripcion\\\": \\\"<p>\\\\\\\"Lorem ipsum dolor sit amet, consectetur adipiscing elit, sed do eiusmod\\\\r\\\\n tempor incididunt ut labore et dolore magna aliqua. Ut enim ad minim \\\\r\\\\nveniam, quis nostrud exercitation ullamco laboris nisi ut aliquip ex ea \\\\r\\\\ncommodo consequat. Duis aute irure dolor in reprehenderit in voluptate \\\\r\\\\nvelit esse cillum dolore eu fugiat nulla pariatur. Excepteur sint \\\\r\\\\noccaecat cupidatat non proident, sunt in culpa qui officia deserunt \\\\r\\\\nmollit anim id est laborum.\\\\\\\"<\\\\/p>\\\",\\n    \\\"imagen\\\": null,\\n    \\\"fecha_ing\\\": \\\"2023-04-11 19:24:34\\\",\\n    \\\"id_usuario_ing\\\": 1,\\n    \\\"fecha_mod\\\": \\\"2023-04-26 00:04:39\\\",\\n    \\\"id_usuario_mod\\\": 1,\\n    \\\"estado\\\": 1\\n}\"', '\"{\\n    \\\"imagen\\\": \\\"\\\\/marcas\\\\/rF3pO7OxNH3l6E4TuCeYLuA__fLkGrch.png\\\",\\n    \\\"estado\\\": \\\"1\\\"\\n}\"', 1, '2023-04-26 00:06:48'),
(75, 1, 'marcas', 'update', '\"{\\n    \\\"id_marca\\\": 1,\\n    \\\"nombre\\\": \\\"Nintendo\\\",\\n    \\\"descripcion\\\": \\\"<p>\\\\\\\"Lorem ipsum dolor sit amet, consectetur adipiscing elit, sed do eiusmod\\\\r\\\\n tempor incididunt ut labore et dolore magna aliqua. Ut enim ad minim \\\\r\\\\nveniam, quis nostrud exercitation ullamco laboris nisi ut aliquip ex ea \\\\r\\\\ncommodo consequat. Duis aute irure dolor in reprehenderit in voluptate \\\\r\\\\nvelit esse cillum dolore eu fugiat nulla pariatur. Excepteur sint \\\\r\\\\noccaecat cupidatat non proident, sunt in culpa qui officia deserunt \\\\r\\\\nmollit anim id est laborum.\\\\\\\"<\\\\/p>\\\",\\n    \\\"imagen\\\": \\\"\\\\/marcas\\\\/rF3pO7OxNH3l6E4TuCeYLuA__fLkGrch.png\\\",\\n    \\\"fecha_ing\\\": \\\"2023-04-11 19:24:34\\\",\\n    \\\"id_usuario_ing\\\": 1,\\n    \\\"fecha_mod\\\": \\\"2023-04-26 00:06:48\\\",\\n    \\\"id_usuario_mod\\\": 1,\\n    \\\"estado\\\": 1\\n}\"', '\"{\\n    \\\"imagen\\\": \\\"\\\\/marcas\\\\/YdfLjx5YoK5iVX7OywIN33kzU7zXVFQK.png\\\",\\n    \\\"estado\\\": \\\"1\\\"\\n}\"', 1, '2023-04-26 00:07:05'),
(76, 1, 'marcas', 'update', '\"{\\n    \\\"id_marca\\\": 1,\\n    \\\"nombre\\\": \\\"Nintendo\\\",\\n    \\\"descripcion\\\": \\\"<p>\\\\\\\"Lorem ipsum dolor sit amet, consectetur adipiscing elit, sed do eiusmod\\\\r\\\\n tempor incididunt ut labore et dolore magna aliqua. Ut enim ad minim \\\\r\\\\nveniam, quis nostrud exercitation ullamco laboris nisi ut aliquip ex ea \\\\r\\\\ncommodo consequat. Duis aute irure dolor in reprehenderit in voluptate \\\\r\\\\nvelit esse cillum dolore eu fugiat nulla pariatur. Excepteur sint \\\\r\\\\noccaecat cupidatat non proident, sunt in culpa qui officia deserunt \\\\r\\\\nmollit anim id est laborum.\\\\\\\"<\\\\/p>\\\",\\n    \\\"imagen\\\": \\\"\\\\/marcas\\\\/YdfLjx5YoK5iVX7OywIN33kzU7zXVFQK.png\\\",\\n    \\\"fecha_ing\\\": \\\"2023-04-11 19:24:34\\\",\\n    \\\"id_usuario_ing\\\": 1,\\n    \\\"fecha_mod\\\": \\\"2023-04-26 00:07:05\\\",\\n    \\\"id_usuario_mod\\\": 1,\\n    \\\"estado\\\": 1\\n}\"', '\"{\\n    \\\"estado\\\": \\\"1\\\"\\n}\"', 1, '2023-04-26 00:21:07'),
(77, 1, 'marcas', 'update', '\"{\\n    \\\"id_marca\\\": 1,\\n    \\\"nombre\\\": \\\"Nintendo\\\",\\n    \\\"descripcion\\\": \\\"<p>\\\\\\\"Lorem ipsum dolor sit amet, consectetur adipiscing elit, sed do eiusmod\\\\r\\\\n tempor incididunt ut labore et dolore magna aliqua. Ut enim ad minim \\\\r\\\\nveniam, quis nostrud exercitation ullamco laboris nisi ut aliquip ex ea \\\\r\\\\ncommodo consequat. Duis aute irure dolor in reprehenderit in voluptate \\\\r\\\\nvelit esse cillum dolore eu fugiat nulla pariatur. Excepteur sint \\\\r\\\\noccaecat cupidatat non proident, sunt in culpa qui officia deserunt \\\\r\\\\nmollit anim id est laborum.\\\\\\\"<\\\\/p>\\\",\\n    \\\"imagen\\\": \\\"\\\\/marcas\\\\/YdfLjx5YoK5iVX7OywIN33kzU7zXVFQK.png\\\",\\n    \\\"fecha_ing\\\": \\\"2023-04-11 19:24:34\\\",\\n    \\\"id_usuario_ing\\\": 1,\\n    \\\"fecha_mod\\\": \\\"2023-04-26 00:21:07\\\",\\n    \\\"id_usuario_mod\\\": 1,\\n    \\\"estado\\\": 1\\n}\"', '\"{\\n    \\\"imagen\\\": null,\\n    \\\"estado\\\": \\\"1\\\"\\n}\"', 1, '2023-04-26 00:21:32'),
(78, 1, 'marcas', 'update', '\"{\\n    \\\"id_marca\\\": 1,\\n    \\\"nombre\\\": \\\"Nintendo\\\",\\n    \\\"descripcion\\\": \\\"<p>\\\\\\\"Lorem ipsum dolor sit amet, consectetur adipiscing elit, sed do eiusmod\\\\r\\\\n tempor incididunt ut labore et dolore magna aliqua. Ut enim ad minim \\\\r\\\\nveniam, quis nostrud exercitation ullamco laboris nisi ut aliquip ex ea \\\\r\\\\ncommodo consequat. Duis aute irure dolor in reprehenderit in voluptate \\\\r\\\\nvelit esse cillum dolore eu fugiat nulla pariatur. Excepteur sint \\\\r\\\\noccaecat cupidatat non proident, sunt in culpa qui officia deserunt \\\\r\\\\nmollit anim id est laborum.\\\\\\\"<\\\\/p>\\\",\\n    \\\"imagen\\\": null,\\n    \\\"fecha_ing\\\": \\\"2023-04-11 19:24:34\\\",\\n    \\\"id_usuario_ing\\\": 1,\\n    \\\"fecha_mod\\\": \\\"2023-04-26 00:21:32\\\",\\n    \\\"id_usuario_mod\\\": 1,\\n    \\\"estado\\\": 1\\n}\"', '\"{\\n    \\\"imagen\\\": \\\"\\\\/marcas\\\\/BsgdKIOgSGArLieqMkQt5_8TKeq72hyf.png\\\",\\n    \\\"estado\\\": \\\"1\\\"\\n}\"', 1, '2023-04-26 00:21:44'),
(79, 1, 'marcas', 'update', '\"{\\n    \\\"id_marca\\\": 1,\\n    \\\"nombre\\\": \\\"Nintendo\\\",\\n    \\\"descripcion\\\": \\\"<p>\\\\\\\"Lorem ipsum dolor sit amet, consectetur adipiscing elit, sed do eiusmod\\\\r\\\\n tempor incididunt ut labore et dolore magna aliqua. Ut enim ad minim \\\\r\\\\nveniam, quis nostrud exercitation ullamco laboris nisi ut aliquip ex ea \\\\r\\\\ncommodo consequat. Duis aute irure dolor in reprehenderit in voluptate \\\\r\\\\nvelit esse cillum dolore eu fugiat nulla pariatur. Excepteur sint \\\\r\\\\noccaecat cupidatat non proident, sunt in culpa qui officia deserunt \\\\r\\\\nmollit anim id est laborum.\\\\\\\"<\\\\/p>\\\",\\n    \\\"imagen\\\": \\\"\\\\/marcas\\\\/BsgdKIOgSGArLieqMkQt5_8TKeq72hyf.png\\\",\\n    \\\"fecha_ing\\\": \\\"2023-04-11 19:24:34\\\",\\n    \\\"id_usuario_ing\\\": 1,\\n    \\\"fecha_mod\\\": \\\"2023-04-26 00:21:44\\\",\\n    \\\"id_usuario_mod\\\": 1,\\n    \\\"estado\\\": 1\\n}\"', '\"{\\n    \\\"imagen\\\": \\\"\\\\/marcas\\\\/H7GVPtCQQJt_bS71Q-Oj1c2fAcyXwTsZ.png\\\",\\n    \\\"estado\\\": \\\"1\\\"\\n}\"', 1, '2023-04-26 00:23:14');

-- --------------------------------------------------------

--
-- Table structure for table `tbl_categorias`
--

CREATE TABLE `tbl_categorias` (
  `id_categoria` int NOT NULL,
  `nombre` varchar(50) NOT NULL,
  `descripcion` text,
  `fecha_ing` datetime DEFAULT NULL,
  `id_usuario_ing` int DEFAULT NULL,
  `fecha_mod` datetime DEFAULT NULL,
  `id_usuario_mod` int DEFAULT NULL,
  `estado` tinyint(1) NOT NULL
) ENGINE=InnoDB DEFAULT CHARSET=utf8mb3;

--
-- Dumping data for table `tbl_categorias`
--

INSERT INTO `tbl_categorias` (`id_categoria`, `nombre`, `descripcion`, `fecha_ing`, `id_usuario_ing`, `fecha_mod`, `id_usuario_mod`, `estado`) VALUES
(1, 'Tecnologia', '<h5><font style=\"background-color: rgb(255, 255, 0);\" color=\"#000000\">The standard Lorem Ipsum passage, used since the 1500s</font></h5><p>\"Lorem\r\n ipsum dolor sit amet, consectetur adipiscing elit, sed do eiusmod \r\ntempor incididunt ut labore et dolore magna aliqua. Ut enim ad minim \r\nveniam, quis nostrud exercitation ullamco laboris nisi ut aliquip ex ea \r\ncommodo consequat.\"</p><p></p>', '2023-04-09 19:09:17', 1, '2023-04-11 02:34:33', 2, 1),
(2, 'Hogar', '\"Lorem\r\n ipsum dolor sit amet, consectetur adipiscing elit, sed do eiusmod \r\ntempor incididunt ut labore et dolore magna aliqua. Ut enim ad minim \r\nveniam, quis nostrud exercitation ullamco laboris nisi ut aliquip ex ea \r\ncommodo consequat.\"<br><p></p>', '2023-04-09 19:11:56', 1, '2023-04-09 19:16:58', 1, 1),
(3, 'Linea Blanca', '<p>\"Lorem ipsum dolor sit amet, consectetur adipiscing elit, sed do eiusmod\r\n tempor incididunt ut labore et dolore magna aliqua. Ut enim ad minim \r\nveniam, quis nostrud exercitation ullamco laboris nisi ut aliquip ex ea \r\ncommodo consequat. Duis aute irure dolor in reprehenderit in voluptate \r\nvelit esse cillum dolore eu fugiat nulla pariatur. Excepteur sint \r\noccaecat cupidatat non proident, sunt in culpa qui officia deserunt \r\nmollit anim id est laborum.\"</p>', '2023-04-10 23:03:55', 1, '2023-04-10 23:03:55', 1, 1),
(4, 'Juguetes', '<p>\"Lorem ipsum dolor sit amet, consectetur adipiscing elit, sed do eiusmod\r\n tempor incididunt ut labore et dolore magna aliqua. Ut enim ad minim \r\nveniam, quis nostrud exercitation ullamco laboris nisi ut aliquip ex ea \r\ncommodo consequat. Duis aute irure dolor in reprehenderit in voluptate \r\nvelit esse cillum dolore eu fugiat nulla pariatur. Excepteur sint \r\noccaecat cupidatat non proident, sunt in culpa qui officia deserunt \r\nmollit anim id est laborum.\"</p>', '2023-04-10 23:38:58', 1, '2023-04-10 23:38:58', 1, 1);

-- --------------------------------------------------------

--
-- Table structure for table `tbl_error_log`
--

CREATE TABLE `tbl_error_log` (
  `id_error_log` int NOT NULL,
  `controller` varchar(50) NOT NULL,
  `mensaje` text NOT NULL,
  `us_id` int NOT NULL,
  `fecha` datetime NOT NULL
) ENGINE=InnoDB DEFAULT CHARSET=utf8mb3;

--
-- Dumping data for table `tbl_error_log`
--

INSERT INTO `tbl_error_log` (`id_error_log`, `controller`, `mensaje`, `us_id`, `fecha`) VALUES
(1, 'categorias/create', 'Exception: Usuario is invalid. in C:\\laragon\\www\\yii2basico\\controllers\\CategoriasController.php:85<br />\nStack trace:<br />\n#0 [internal function]: app\\controllers\\CategoriasController-&gt;actionCreate()<br />\n#1 C:\\laragon\\www\\yii2basico\\vendor\\yiisoft\\yii2\\base\\InlineAction.php(57): call_user_func_array(Array, Array)<br />\n#2 C:\\laragon\\www\\yii2basico\\vendor\\yiisoft\\yii2\\base\\Controller.php(178): yii\\base\\InlineAction-&gt;runWithParams(Array)<br />\n#3 C:\\laragon\\www\\yii2basico\\vendor\\yiisoft\\yii2\\base\\Module.php(552): yii\\base\\Controller-&gt;runAction(&#039;create&#039;, Array)<br />\n#4 C:\\laragon\\www\\yii2basico\\vendor\\yiisoft\\yii2\\web\\Application.php(103): yii\\base\\Module-&gt;runAction(&#039;categorias/crea...&#039;, Array)<br />\n#5 C:\\laragon\\www\\yii2basico\\vendor\\yiisoft\\yii2\\base\\Application.php(384): yii\\web\\Application-&gt;handleRequest(Object(yii\\web\\Request))<br />\n#6 C:\\laragon\\www\\yii2basico\\web\\index.php(12): yii\\base\\Application-&gt;run()<br />\n#7 {main}', 1, '2023-03-03 19:57:40'),
(2, 'categorias/update', 'Exception in C:\\laragon\\www\\yii2basico\\controllers\\CategoriasController.php:139<br />\nStack trace:<br />\n#0 [internal function]: app\\controllers\\CategoriasController-&gt;actionUpdate(&#039;4&#039;)<br />\n#1 C:\\laragon\\www\\yii2basico\\vendor\\yiisoft\\yii2\\base\\InlineAction.php(57): call_user_func_array(Array, Array)<br />\n#2 C:\\laragon\\www\\yii2basico\\vendor\\yiisoft\\yii2\\base\\Controller.php(178): yii\\base\\InlineAction-&gt;runWithParams(Array)<br />\n#3 C:\\laragon\\www\\yii2basico\\vendor\\yiisoft\\yii2\\base\\Module.php(552): yii\\base\\Controller-&gt;runAction(&#039;update&#039;, Array)<br />\n#4 C:\\laragon\\www\\yii2basico\\vendor\\yiisoft\\yii2\\web\\Application.php(103): yii\\base\\Module-&gt;runAction(&#039;categorias/upda...&#039;, Array)<br />\n#5 C:\\laragon\\www\\yii2basico\\vendor\\yiisoft\\yii2\\base\\Application.php(384): yii\\web\\Application-&gt;handleRequest(Object(yii\\web\\Request))<br />\n#6 C:\\laragon\\www\\yii2basico\\web\\index.php(12): yii\\base\\Application-&gt;run()<br />\n#7 {main}', 1, '2023-03-23 20:15:55'),
(3, 'categorias/update', 'Exception in C:\\laragon\\www\\yii2basico\\controllers\\CategoriasController.php:139<br />\nStack trace:<br />\n#0 [internal function]: app\\controllers\\CategoriasController-&gt;actionUpdate(&#039;4&#039;)<br />\n#1 C:\\laragon\\www\\yii2basico\\vendor\\yiisoft\\yii2\\base\\InlineAction.php(57): call_user_func_array(Array, Array)<br />\n#2 C:\\laragon\\www\\yii2basico\\vendor\\yiisoft\\yii2\\base\\Controller.php(178): yii\\base\\InlineAction-&gt;runWithParams(Array)<br />\n#3 C:\\laragon\\www\\yii2basico\\vendor\\yiisoft\\yii2\\base\\Module.php(552): yii\\base\\Controller-&gt;runAction(&#039;update&#039;, Array)<br />\n#4 C:\\laragon\\www\\yii2basico\\vendor\\yiisoft\\yii2\\web\\Application.php(103): yii\\base\\Module-&gt;runAction(&#039;categorias/upda...&#039;, Array)<br />\n#5 C:\\laragon\\www\\yii2basico\\vendor\\yiisoft\\yii2\\base\\Application.php(384): yii\\web\\Application-&gt;handleRequest(Object(yii\\web\\Request))<br />\n#6 C:\\laragon\\www\\yii2basico\\web\\index.php(12): yii\\base\\Application-&gt;run()<br />\n#7 {main}', 1, '2023-03-23 20:18:20'),
(4, 'marcas/update', 'yii\\base\\ErrorException: unlink(C:\\laragon\\www\\ecommerce/web/marcas/aPyRNGvl0_GIFiMSgPlVrdHtG4scmQpX.png): No such file or directory in C:\\laragon\\www\\ecommerce\\modules\\productos\\controllers\\MarcasController.php:153<br />\nStack trace:<br />\n#0 [internal function]: yii\\base\\ErrorHandler-&gt;handleError(2, &#039;unlink(C:\\\\larag...&#039;, &#039;C:\\\\laragon\\\\www\\\\...&#039;, 153, Array)<br />\n#1 C:\\laragon\\www\\ecommerce\\modules\\productos\\controllers\\MarcasController.php(153): unlink(&#039;C:\\\\laragon\\\\www\\\\...&#039;)<br />\n#2 [internal function]: app\\modules\\productos\\controllers\\MarcasController-&gt;actionUpdate(&#039;1&#039;)<br />\n#3 C:\\laragon\\www\\ecommerce\\vendor\\yiisoft\\yii2\\base\\InlineAction.php(57): call_user_func_array(Array, Array)<br />\n#4 C:\\laragon\\www\\ecommerce\\vendor\\yiisoft\\yii2\\base\\Controller.php(178): yii\\base\\InlineAction-&gt;runWithParams(Array)<br />\n#5 C:\\laragon\\www\\ecommerce\\vendor\\yiisoft\\yii2\\base\\Module.php(552): yii\\base\\Controller-&gt;runAction(&#039;update&#039;, Array)<br />\n#6 C:\\laragon\\www\\ecommerce\\vendor\\yiisoft\\yii2\\web\\Application.php(103): yii\\base\\Module-&gt;runAction(&#039;productos/marca...&#039;, Array)<br />\n#7 C:\\laragon\\www\\ecommerce\\vendor\\yiisoft\\yii2\\base\\Application.php(384): yii\\web\\Application-&gt;handleRequest(Object(yii\\web\\Request))<br />\n#8 C:\\laragon\\www\\ecommerce\\web\\index.php(12): yii\\base\\Application-&gt;run()<br />\n#9 {main}', 2, '2023-04-14 19:29:32'),
(5, 'marcas/update', 'yii\\base\\ErrorException: unlink(C:\\laragon\\www\\ecommerce/web/marcas/aPyRNGvl0_GIFiMSgPlVrdHtG4scmQpX.png): No such file or directory in C:\\laragon\\www\\ecommerce\\modules\\productos\\controllers\\MarcasController.php:153<br />\nStack trace:<br />\n#0 [internal function]: yii\\base\\ErrorHandler-&gt;handleError(2, &#039;unlink(C:\\\\larag...&#039;, &#039;C:\\\\laragon\\\\www\\\\...&#039;, 153, Array)<br />\n#1 C:\\laragon\\www\\ecommerce\\modules\\productos\\controllers\\MarcasController.php(153): unlink(&#039;C:\\\\laragon\\\\www\\\\...&#039;)<br />\n#2 [internal function]: app\\modules\\productos\\controllers\\MarcasController-&gt;actionUpdate(&#039;1&#039;)<br />\n#3 C:\\laragon\\www\\ecommerce\\vendor\\yiisoft\\yii2\\base\\InlineAction.php(57): call_user_func_array(Array, Array)<br />\n#4 C:\\laragon\\www\\ecommerce\\vendor\\yiisoft\\yii2\\base\\Controller.php(178): yii\\base\\InlineAction-&gt;runWithParams(Array)<br />\n#5 C:\\laragon\\www\\ecommerce\\vendor\\yiisoft\\yii2\\base\\Module.php(552): yii\\base\\Controller-&gt;runAction(&#039;update&#039;, Array)<br />\n#6 C:\\laragon\\www\\ecommerce\\vendor\\yiisoft\\yii2\\web\\Application.php(103): yii\\base\\Module-&gt;runAction(&#039;productos/marca...&#039;, Array)<br />\n#7 C:\\laragon\\www\\ecommerce\\vendor\\yiisoft\\yii2\\base\\Application.php(384): yii\\web\\Application-&gt;handleRequest(Object(yii\\web\\Request))<br />\n#8 C:\\laragon\\www\\ecommerce\\web\\index.php(12): yii\\base\\Application-&gt;run()<br />\n#9 {main}', 2, '2023-04-14 19:30:56'),
(6, 'marcas/update', 'yii\\base\\ErrorException: unlink(C:\\laragon\\www\\ecommerce/web): Is a directory in C:\\laragon\\www\\ecommerce\\modules\\productos\\controllers\\MarcasController.php:156<br />\nStack trace:<br />\n#0 [internal function]: yii\\base\\ErrorHandler-&gt;handleError(2, &#039;unlink(C:\\\\larag...&#039;, &#039;C:\\\\laragon\\\\www\\\\...&#039;, 156, Array)<br />\n#1 C:\\laragon\\www\\ecommerce\\modules\\productos\\controllers\\MarcasController.php(156): unlink(&#039;C:\\\\laragon\\\\www\\\\...&#039;)<br />\n#2 [internal function]: app\\modules\\productos\\controllers\\MarcasController-&gt;actionUpdate(&#039;3&#039;)<br />\n#3 C:\\laragon\\www\\ecommerce\\vendor\\yiisoft\\yii2\\base\\InlineAction.php(57): call_user_func_array(Array, Array)<br />\n#4 C:\\laragon\\www\\ecommerce\\vendor\\yiisoft\\yii2\\base\\Controller.php(178): yii\\base\\InlineAction-&gt;runWithParams(Array)<br />\n#5 C:\\laragon\\www\\ecommerce\\vendor\\yiisoft\\yii2\\base\\Module.php(552): yii\\base\\Controller-&gt;runAction(&#039;update&#039;, Array)<br />\n#6 C:\\laragon\\www\\ecommerce\\vendor\\yiisoft\\yii2\\web\\Application.php(103): yii\\base\\Module-&gt;runAction(&#039;productos/marca...&#039;, Array)<br />\n#7 C:\\laragon\\www\\ecommerce\\vendor\\yiisoft\\yii2\\base\\Application.php(384): yii\\web\\Application-&gt;handleRequest(Object(yii\\web\\Request))<br />\n#8 C:\\laragon\\www\\ecommerce\\web\\index.php(12): yii\\base\\Application-&gt;run()<br />\n#9 {main}', 1, '2023-04-20 20:03:22'),
(7, 'marcas/update', 'yii\\base\\ErrorException: unlink(C:\\laragon\\www\\ecommerce/web/marcas/4saQUDzIordqjojY1svj6YUZPnO0AdG_.png): No such file or directory in C:\\laragon\\www\\ecommerce\\modules\\productos\\controllers\\MarcasController.php:152<br />\nStack trace:<br />\n#0 [internal function]: yii\\base\\ErrorHandler-&gt;handleError(2, &#039;unlink(C:\\\\larag...&#039;, &#039;C:\\\\laragon\\\\www\\\\...&#039;, 152)<br />\n#1 C:\\laragon\\www\\ecommerce\\modules\\productos\\controllers\\MarcasController.php(152): unlink(&#039;C:\\\\laragon\\\\www\\\\...&#039;)<br />\n#2 [internal function]: app\\modules\\productos\\controllers\\MarcasController-&gt;actionUpdate(&#039;1&#039;)<br />\n#3 C:\\laragon\\www\\ecommerce\\vendor\\yiisoft\\yii2\\base\\InlineAction.php(57): call_user_func_array(Array, Array)<br />\n#4 C:\\laragon\\www\\ecommerce\\vendor\\yiisoft\\yii2\\base\\Controller.php(178): yii\\base\\InlineAction-&gt;runWithParams(Array)<br />\n#5 C:\\laragon\\www\\ecommerce\\vendor\\yiisoft\\yii2\\base\\Module.php(552): yii\\base\\Controller-&gt;runAction(&#039;update&#039;, Array)<br />\n#6 C:\\laragon\\www\\ecommerce\\vendor\\yiisoft\\yii2\\web\\Application.php(103): yii\\base\\Module-&gt;runAction(&#039;productos/marca...&#039;, Array)<br />\n#7 C:\\laragon\\www\\ecommerce\\vendor\\yiisoft\\yii2\\base\\Application.php(384): yii\\web\\Application-&gt;handleRequest(Object(yii\\web\\Request))<br />\n#8 C:\\laragon\\www\\ecommerce\\web\\index.php(12): yii\\base\\Application-&gt;run()<br />\n#9 {main}', 1, '2023-04-24 22:07:58'),
(8, 'marcas/update', 'yii\\base\\ErrorException: unlink(C:\\laragon\\www\\ecommerce/web/marcas/4saQUDzIordqjojY1svj6YUZPnO0AdG_.png): No such file or directory in C:\\laragon\\www\\ecommerce\\modules\\productos\\controllers\\MarcasController.php:152<br />\nStack trace:<br />\n#0 [internal function]: yii\\base\\ErrorHandler-&gt;handleError(2, &#039;unlink(C:\\\\larag...&#039;, &#039;C:\\\\laragon\\\\www\\\\...&#039;, 152)<br />\n#1 C:\\laragon\\www\\ecommerce\\modules\\productos\\controllers\\MarcasController.php(152): unlink(&#039;C:\\\\laragon\\\\www\\\\...&#039;)<br />\n#2 [internal function]: app\\modules\\productos\\controllers\\MarcasController-&gt;actionUpdate(&#039;1&#039;)<br />\n#3 C:\\laragon\\www\\ecommerce\\vendor\\yiisoft\\yii2\\base\\InlineAction.php(57): call_user_func_array(Array, Array)<br />\n#4 C:\\laragon\\www\\ecommerce\\vendor\\yiisoft\\yii2\\base\\Controller.php(178): yii\\base\\InlineAction-&gt;runWithParams(Array)<br />\n#5 C:\\laragon\\www\\ecommerce\\vendor\\yiisoft\\yii2\\base\\Module.php(552): yii\\base\\Controller-&gt;runAction(&#039;update&#039;, Array)<br />\n#6 C:\\laragon\\www\\ecommerce\\vendor\\yiisoft\\yii2\\web\\Application.php(103): yii\\base\\Module-&gt;runAction(&#039;productos/marca...&#039;, Array)<br />\n#7 C:\\laragon\\www\\ecommerce\\vendor\\yiisoft\\yii2\\base\\Application.php(384): yii\\web\\Application-&gt;handleRequest(Object(yii\\web\\Request))<br />\n#8 C:\\laragon\\www\\ecommerce\\web\\index.php(12): yii\\base\\Application-&gt;run()<br />\n#9 {main}', 1, '2023-04-24 22:08:59'),
(9, 'marcas/update', 'yii\\base\\ErrorException: unlink(C:\\laragon\\www\\ecommerce/web/marcas/4saQUDzIordqjojY1svj6YUZPnO0AdG_.png): No such file or directory in C:\\laragon\\www\\ecommerce\\modules\\productos\\controllers\\MarcasController.php:168<br />\nStack trace:<br />\n#0 [internal function]: yii\\base\\ErrorHandler-&gt;handleError(2, &#039;unlink(C:\\\\larag...&#039;, &#039;C:\\\\laragon\\\\www\\\\...&#039;, 168)<br />\n#1 C:\\laragon\\www\\ecommerce\\modules\\productos\\controllers\\MarcasController.php(168): unlink(&#039;C:\\\\laragon\\\\www\\\\...&#039;)<br />\n#2 [internal function]: app\\modules\\productos\\controllers\\MarcasController-&gt;actionUpdate(&#039;1&#039;)<br />\n#3 C:\\laragon\\www\\ecommerce\\vendor\\yiisoft\\yii2\\base\\InlineAction.php(57): call_user_func_array(Array, Array)<br />\n#4 C:\\laragon\\www\\ecommerce\\vendor\\yiisoft\\yii2\\base\\Controller.php(178): yii\\base\\InlineAction-&gt;runWithParams(Array)<br />\n#5 C:\\laragon\\www\\ecommerce\\vendor\\yiisoft\\yii2\\base\\Module.php(552): yii\\base\\Controller-&gt;runAction(&#039;update&#039;, Array)<br />\n#6 C:\\laragon\\www\\ecommerce\\vendor\\yiisoft\\yii2\\web\\Application.php(103): yii\\base\\Module-&gt;runAction(&#039;productos/marca...&#039;, Array)<br />\n#7 C:\\laragon\\www\\ecommerce\\vendor\\yiisoft\\yii2\\base\\Application.php(384): yii\\web\\Application-&gt;handleRequest(Object(yii\\web\\Request))<br />\n#8 C:\\laragon\\www\\ecommerce\\web\\index.php(12): yii\\base\\Application-&gt;run()<br />\n#9 {main}', 1, '2023-04-24 22:11:48'),
(10, 'marcas/update', 'yii\\base\\ErrorException: unlink(C:\\laragon\\www\\ecommerce/web/marcas/4saQUDzIordqjojY1svj6YUZPnO0AdG_.png): No such file or directory in C:\\laragon\\www\\ecommerce\\modules\\productos\\controllers\\MarcasController.php:168<br />\nStack trace:<br />\n#0 [internal function]: yii\\base\\ErrorHandler-&gt;handleError(2, &#039;unlink(C:\\\\larag...&#039;, &#039;C:\\\\laragon\\\\www\\\\...&#039;, 168)<br />\n#1 C:\\laragon\\www\\ecommerce\\modules\\productos\\controllers\\MarcasController.php(168): unlink(&#039;C:\\\\laragon\\\\www\\\\...&#039;)<br />\n#2 [internal function]: app\\modules\\productos\\controllers\\MarcasController-&gt;actionUpdate(&#039;1&#039;)<br />\n#3 C:\\laragon\\www\\ecommerce\\vendor\\yiisoft\\yii2\\base\\InlineAction.php(57): call_user_func_array(Array, Array)<br />\n#4 C:\\laragon\\www\\ecommerce\\vendor\\yiisoft\\yii2\\base\\Controller.php(178): yii\\base\\InlineAction-&gt;runWithParams(Array)<br />\n#5 C:\\laragon\\www\\ecommerce\\vendor\\yiisoft\\yii2\\base\\Module.php(552): yii\\base\\Controller-&gt;runAction(&#039;update&#039;, Array)<br />\n#6 C:\\laragon\\www\\ecommerce\\vendor\\yiisoft\\yii2\\web\\Application.php(103): yii\\base\\Module-&gt;runAction(&#039;productos/marca...&#039;, Array)<br />\n#7 C:\\laragon\\www\\ecommerce\\vendor\\yiisoft\\yii2\\base\\Application.php(384): yii\\web\\Application-&gt;handleRequest(Object(yii\\web\\Request))<br />\n#8 C:\\laragon\\www\\ecommerce\\web\\index.php(12): yii\\base\\Application-&gt;run()<br />\n#9 {main}', 1, '2023-04-24 22:15:07'),
(11, 'marcas/update', 'yii\\base\\ErrorException: move_uploaded_file(C:\\laragon\\www\\ecommerceweb\\marcasFYafXB5URl3krwYWU6M7MZ8fWKDLBJzn.png): Failed to open stream: No such file or directory in C:\\laragon\\www\\ecommerce\\vendor\\yiisoft\\yii2\\web\\UploadedFile.php:197<br />\nStack trace:<br />\n#0 [internal function]: yii\\base\\ErrorHandler-&gt;handleError(2, &#039;move_uploaded_f...&#039;, &#039;C:\\\\laragon\\\\www\\\\...&#039;, 197)<br />\n#1 C:\\laragon\\www\\ecommerce\\vendor\\yiisoft\\yii2\\web\\UploadedFile.php(197): move_uploaded_file(&#039;C:\\\\Users\\\\User\\\\A...&#039;, &#039;C:\\\\laragon\\\\www\\\\...&#039;)<br />\n#2 C:\\laragon\\www\\ecommerce\\modules\\productos\\controllers\\MarcasController.php(162): yii\\web\\UploadedFile-&gt;saveAs(&#039;C:\\\\laragon\\\\www\\\\...&#039;)<br />\n#3 [internal function]: app\\modules\\productos\\controllers\\MarcasController-&gt;actionUpdate(&#039;1&#039;)<br />\n#4 C:\\laragon\\www\\ecommerce\\vendor\\yiisoft\\yii2\\base\\InlineAction.php(57): call_user_func_array(Array, Array)<br />\n#5 C:\\laragon\\www\\ecommerce\\vendor\\yiisoft\\yii2\\base\\Controller.php(178): yii\\base\\InlineAction-&gt;runWithParams(Array)<br />\n#6 C:\\laragon\\www\\ecommerce\\vendor\\yiisoft\\yii2\\base\\Module.php(552): yii\\base\\Controller-&gt;runAction(&#039;update&#039;, Array)<br />\n#7 C:\\laragon\\www\\ecommerce\\vendor\\yiisoft\\yii2\\web\\Application.php(103): yii\\base\\Module-&gt;runAction(&#039;productos/marca...&#039;, Array)<br />\n#8 C:\\laragon\\www\\ecommerce\\vendor\\yiisoft\\yii2\\base\\Application.php(384): yii\\web\\Application-&gt;handleRequest(Object(yii\\web\\Request))<br />\n#9 C:\\laragon\\www\\ecommerce\\web\\index.php(12): yii\\base\\Application-&gt;run()<br />\n#10 {main}', 1, '2023-04-24 22:29:20'),
(12, 'marcas/update', 'yii\\base\\ErrorException: move_uploaded_file(C:\\laragon\\www\\ecommerceweb\\marcas95yK7ViLrBGMTZz2eqVUSIPkResiuEoj.png): Failed to open stream: No such file or directory in C:\\laragon\\www\\ecommerce\\vendor\\yiisoft\\yii2\\web\\UploadedFile.php:197<br />\nStack trace:<br />\n#0 [internal function]: yii\\base\\ErrorHandler-&gt;handleError(2, &#039;move_uploaded_f...&#039;, &#039;C:\\\\laragon\\\\www\\\\...&#039;, 197)<br />\n#1 C:\\laragon\\www\\ecommerce\\vendor\\yiisoft\\yii2\\web\\UploadedFile.php(197): move_uploaded_file(&#039;C:\\\\Users\\\\User\\\\A...&#039;, &#039;C:\\\\laragon\\\\www\\\\...&#039;)<br />\n#2 C:\\laragon\\www\\ecommerce\\modules\\productos\\controllers\\MarcasController.php(162): yii\\web\\UploadedFile-&gt;saveAs(&#039;C:\\\\laragon\\\\www\\\\...&#039;)<br />\n#3 [internal function]: app\\modules\\productos\\controllers\\MarcasController-&gt;actionUpdate(&#039;1&#039;)<br />\n#4 C:\\laragon\\www\\ecommerce\\vendor\\yiisoft\\yii2\\base\\InlineAction.php(57): call_user_func_array(Array, Array)<br />\n#5 C:\\laragon\\www\\ecommerce\\vendor\\yiisoft\\yii2\\base\\Controller.php(178): yii\\base\\InlineAction-&gt;runWithParams(Array)<br />\n#6 C:\\laragon\\www\\ecommerce\\vendor\\yiisoft\\yii2\\base\\Module.php(552): yii\\base\\Controller-&gt;runAction(&#039;update&#039;, Array)<br />\n#7 C:\\laragon\\www\\ecommerce\\vendor\\yiisoft\\yii2\\web\\Application.php(103): yii\\base\\Module-&gt;runAction(&#039;productos/marca...&#039;, Array)<br />\n#8 C:\\laragon\\www\\ecommerce\\vendor\\yiisoft\\yii2\\base\\Application.php(384): yii\\web\\Application-&gt;handleRequest(Object(yii\\web\\Request))<br />\n#9 C:\\laragon\\www\\ecommerce\\web\\index.php(12): yii\\base\\Application-&gt;run()<br />\n#10 {main}', 1, '2023-04-24 22:29:44'),
(13, 'marcas/update', 'yii\\base\\ErrorException: move_uploaded_file(C:\\laragon\\www\\ecommerceweb\\marcas7mx4hRXtp1_rey2MGQ6vR9lQx6iDJYAY.png): Failed to open stream: No such file or directory in C:\\laragon\\www\\ecommerce\\vendor\\yiisoft\\yii2\\web\\UploadedFile.php:197<br />\nStack trace:<br />\n#0 [internal function]: yii\\base\\ErrorHandler-&gt;handleError(2, &#039;move_uploaded_f...&#039;, &#039;C:\\\\laragon\\\\www\\\\...&#039;, 197)<br />\n#1 C:\\laragon\\www\\ecommerce\\vendor\\yiisoft\\yii2\\web\\UploadedFile.php(197): move_uploaded_file(&#039;C:\\\\Users\\\\User\\\\A...&#039;, &#039;C:\\\\laragon\\\\www\\\\...&#039;)<br />\n#2 C:\\laragon\\www\\ecommerce\\modules\\productos\\controllers\\MarcasController.php(162): yii\\web\\UploadedFile-&gt;saveAs(&#039;C:\\\\laragon\\\\www\\\\...&#039;)<br />\n#3 [internal function]: app\\modules\\productos\\controllers\\MarcasController-&gt;actionUpdate(&#039;1&#039;)<br />\n#4 C:\\laragon\\www\\ecommerce\\vendor\\yiisoft\\yii2\\base\\InlineAction.php(57): call_user_func_array(Array, Array)<br />\n#5 C:\\laragon\\www\\ecommerce\\vendor\\yiisoft\\yii2\\base\\Controller.php(178): yii\\base\\InlineAction-&gt;runWithParams(Array)<br />\n#6 C:\\laragon\\www\\ecommerce\\vendor\\yiisoft\\yii2\\base\\Module.php(552): yii\\base\\Controller-&gt;runAction(&#039;update&#039;, Array)<br />\n#7 C:\\laragon\\www\\ecommerce\\vendor\\yiisoft\\yii2\\web\\Application.php(103): yii\\base\\Module-&gt;runAction(&#039;productos/marca...&#039;, Array)<br />\n#8 C:\\laragon\\www\\ecommerce\\vendor\\yiisoft\\yii2\\base\\Application.php(384): yii\\web\\Application-&gt;handleRequest(Object(yii\\web\\Request))<br />\n#9 C:\\laragon\\www\\ecommerce\\web\\index.php(12): yii\\base\\Application-&gt;run()<br />\n#10 {main}', 1, '2023-04-24 22:30:32'),
(14, 'marcas/update', 'yii\\base\\ErrorException: unlink(C:\\laragon\\www\\ecommerce/web/marcas/xBCUPlydikuxoS3caB4RJH224pmknouP.png): No such file or directory in C:\\laragon\\www\\ecommerce\\modules\\productos\\controllers\\MarcasController.php:152<br />\nStack trace:<br />\n#0 [internal function]: yii\\base\\ErrorHandler-&gt;handleError(2, &#039;unlink(C:\\\\larag...&#039;, &#039;C:\\\\laragon\\\\www\\\\...&#039;, 152)<br />\n#1 C:\\laragon\\www\\ecommerce\\modules\\productos\\controllers\\MarcasController.php(152): unlink(&#039;C:\\\\laragon\\\\www\\\\...&#039;)<br />\n#2 [internal function]: app\\modules\\productos\\controllers\\MarcasController-&gt;actionUpdate(&#039;2&#039;)<br />\n#3 C:\\laragon\\www\\ecommerce\\vendor\\yiisoft\\yii2\\base\\InlineAction.php(57): call_user_func_array(Array, Array)<br />\n#4 C:\\laragon\\www\\ecommerce\\vendor\\yiisoft\\yii2\\base\\Controller.php(178): yii\\base\\InlineAction-&gt;runWithParams(Array)<br />\n#5 C:\\laragon\\www\\ecommerce\\vendor\\yiisoft\\yii2\\base\\Module.php(552): yii\\base\\Controller-&gt;runAction(&#039;update&#039;, Array)<br />\n#6 C:\\laragon\\www\\ecommerce\\vendor\\yiisoft\\yii2\\web\\Application.php(103): yii\\base\\Module-&gt;runAction(&#039;productos/marca...&#039;, Array)<br />\n#7 C:\\laragon\\www\\ecommerce\\vendor\\yiisoft\\yii2\\base\\Application.php(384): yii\\web\\Application-&gt;handleRequest(Object(yii\\web\\Request))<br />\n#8 C:\\laragon\\www\\ecommerce\\web\\index.php(12): yii\\base\\Application-&gt;run()<br />\n#9 {main}', 1, '2023-04-25 01:18:31'),
(15, 'marcas/update', 'yii\\base\\ErrorException: unlink(C:\\laragon\\www\\ecommerce/web): Is a directory in C:\\laragon\\www\\ecommerce\\modules\\productos\\controllers\\MarcasController.php:152<br />\nStack trace:<br />\n#0 [internal function]: yii\\base\\ErrorHandler-&gt;handleError(2, &#039;unlink(C:\\\\larag...&#039;, &#039;C:\\\\laragon\\\\www\\\\...&#039;, 152)<br />\n#1 C:\\laragon\\www\\ecommerce\\modules\\productos\\controllers\\MarcasController.php(152): unlink(&#039;C:\\\\laragon\\\\www\\\\...&#039;)<br />\n#2 [internal function]: app\\modules\\productos\\controllers\\MarcasController-&gt;actionUpdate(&#039;2&#039;)<br />\n#3 C:\\laragon\\www\\ecommerce\\vendor\\yiisoft\\yii2\\base\\InlineAction.php(57): call_user_func_array(Array, Array)<br />\n#4 C:\\laragon\\www\\ecommerce\\vendor\\yiisoft\\yii2\\base\\Controller.php(178): yii\\base\\InlineAction-&gt;runWithParams(Array)<br />\n#5 C:\\laragon\\www\\ecommerce\\vendor\\yiisoft\\yii2\\base\\Module.php(552): yii\\base\\Controller-&gt;runAction(&#039;update&#039;, Array)<br />\n#6 C:\\laragon\\www\\ecommerce\\vendor\\yiisoft\\yii2\\web\\Application.php(103): yii\\base\\Module-&gt;runAction(&#039;productos/marca...&#039;, Array)<br />\n#7 C:\\laragon\\www\\ecommerce\\vendor\\yiisoft\\yii2\\base\\Application.php(384): yii\\web\\Application-&gt;handleRequest(Object(yii\\web\\Request))<br />\n#8 C:\\laragon\\www\\ecommerce\\web\\index.php(12): yii\\base\\Application-&gt;run()<br />\n#9 {main}', 1, '2023-04-25 01:19:59'),
(16, 'marcas/update', 'yii\\base\\ErrorException: unlink(C:\\laragon\\www\\ecommerce/web/ecommerce/web/marcas/O4lcse3Tg8yNqMRdiKymsI0hN7KnyJH7.png): No such file or directory in C:\\laragon\\www\\ecommerce\\modules\\productos\\controllers\\MarcasController.php:152<br />\nStack trace:<br />\n#0 [internal function]: yii\\base\\ErrorHandler-&gt;handleError(2, &#039;unlink(C:\\\\larag...&#039;, &#039;C:\\\\laragon\\\\www\\\\...&#039;, 152)<br />\n#1 C:\\laragon\\www\\ecommerce\\modules\\productos\\controllers\\MarcasController.php(152): unlink(&#039;C:\\\\laragon\\\\www\\\\...&#039;)<br />\n#2 [internal function]: app\\modules\\productos\\controllers\\MarcasController-&gt;actionUpdate(&#039;1&#039;)<br />\n#3 C:\\laragon\\www\\ecommerce\\vendor\\yiisoft\\yii2\\base\\InlineAction.php(57): call_user_func_array(Array, Array)<br />\n#4 C:\\laragon\\www\\ecommerce\\vendor\\yiisoft\\yii2\\base\\Controller.php(178): yii\\base\\InlineAction-&gt;runWithParams(Array)<br />\n#5 C:\\laragon\\www\\ecommerce\\vendor\\yiisoft\\yii2\\base\\Module.php(552): yii\\base\\Controller-&gt;runAction(&#039;update&#039;, Array)<br />\n#6 C:\\laragon\\www\\ecommerce\\vendor\\yiisoft\\yii2\\web\\Application.php(103): yii\\base\\Module-&gt;runAction(&#039;productos/marca...&#039;, Array)<br />\n#7 C:\\laragon\\www\\ecommerce\\vendor\\yiisoft\\yii2\\base\\Application.php(384): yii\\web\\Application-&gt;handleRequest(Object(yii\\web\\Request))<br />\n#8 C:\\laragon\\www\\ecommerce\\web\\index.php(12): yii\\base\\Application-&gt;run()<br />\n#9 {main}', 1, '2023-04-25 01:20:41'),
(17, 'marcas/update', 'yii\\base\\ErrorException: unlink(C:\\laragon\\www\\ecommerce/web/ecommerce/web/marcas/tykrQVkk1FO9OBttlUg0ZQERu4Tul9KG.png): No such file or directory in C:\\laragon\\www\\ecommerce\\modules\\productos\\controllers\\MarcasController.php:152<br />\nStack trace:<br />\n#0 [internal function]: yii\\base\\ErrorHandler-&gt;handleError(2, &#039;unlink(C:\\\\larag...&#039;, &#039;C:\\\\laragon\\\\www\\\\...&#039;, 152)<br />\n#1 C:\\laragon\\www\\ecommerce\\modules\\productos\\controllers\\MarcasController.php(152): unlink(&#039;C:\\\\laragon\\\\www\\\\...&#039;)<br />\n#2 [internal function]: app\\modules\\productos\\controllers\\MarcasController-&gt;actionUpdate(&#039;2&#039;)<br />\n#3 C:\\laragon\\www\\ecommerce\\vendor\\yiisoft\\yii2\\base\\InlineAction.php(57): call_user_func_array(Array, Array)<br />\n#4 C:\\laragon\\www\\ecommerce\\vendor\\yiisoft\\yii2\\base\\Controller.php(178): yii\\base\\InlineAction-&gt;runWithParams(Array)<br />\n#5 C:\\laragon\\www\\ecommerce\\vendor\\yiisoft\\yii2\\base\\Module.php(552): yii\\base\\Controller-&gt;runAction(&#039;update&#039;, Array)<br />\n#6 C:\\laragon\\www\\ecommerce\\vendor\\yiisoft\\yii2\\web\\Application.php(103): yii\\base\\Module-&gt;runAction(&#039;productos/marca...&#039;, Array)<br />\n#7 C:\\laragon\\www\\ecommerce\\vendor\\yiisoft\\yii2\\base\\Application.php(384): yii\\web\\Application-&gt;handleRequest(Object(yii\\web\\Request))<br />\n#8 C:\\laragon\\www\\ecommerce\\web\\index.php(12): yii\\base\\Application-&gt;run()<br />\n#9 {main}', 1, '2023-04-25 01:23:41'),
(18, 'marcas/update', 'yii\\base\\ErrorException: unlink(C:\\laragon\\www\\ecommerce/web/ecommerce/web/marcas/tykrQVkk1FO9OBttlUg0ZQERu4Tul9KG.png): No such file or directory in C:\\laragon\\www\\ecommerce\\modules\\productos\\controllers\\MarcasController.php:168<br />\nStack trace:<br />\n#0 [internal function]: yii\\base\\ErrorHandler-&gt;handleError(2, &#039;unlink(C:\\\\larag...&#039;, &#039;C:\\\\laragon\\\\www\\\\...&#039;, 168)<br />\n#1 C:\\laragon\\www\\ecommerce\\modules\\productos\\controllers\\MarcasController.php(168): unlink(&#039;C:\\\\laragon\\\\www\\\\...&#039;)<br />\n#2 [internal function]: app\\modules\\productos\\controllers\\MarcasController-&gt;actionUpdate(&#039;2&#039;)<br />\n#3 C:\\laragon\\www\\ecommerce\\vendor\\yiisoft\\yii2\\base\\InlineAction.php(57): call_user_func_array(Array, Array)<br />\n#4 C:\\laragon\\www\\ecommerce\\vendor\\yiisoft\\yii2\\base\\Controller.php(178): yii\\base\\InlineAction-&gt;runWithParams(Array)<br />\n#5 C:\\laragon\\www\\ecommerce\\vendor\\yiisoft\\yii2\\base\\Module.php(552): yii\\base\\Controller-&gt;runAction(&#039;update&#039;, Array)<br />\n#6 C:\\laragon\\www\\ecommerce\\vendor\\yiisoft\\yii2\\web\\Application.php(103): yii\\base\\Module-&gt;runAction(&#039;productos/marca...&#039;, Array)<br />\n#7 C:\\laragon\\www\\ecommerce\\vendor\\yiisoft\\yii2\\base\\Application.php(384): yii\\web\\Application-&gt;handleRequest(Object(yii\\web\\Request))<br />\n#8 C:\\laragon\\www\\ecommerce\\web\\index.php(12): yii\\base\\Application-&gt;run()<br />\n#9 {main}', 1, '2023-04-25 01:25:21'),
(19, 'marcas/update', 'yii\\base\\ErrorException: unlink(C:\\laragon\\www\\ecommerce/web/marcas//ecommerce/web/marcas/tykrQVkk1FO9OBttlUg0ZQERu4Tul9KG.png): No such file or directory in C:\\laragon\\www\\ecommerce\\modules\\productos\\controllers\\MarcasController.php:168<br />\nStack trace:<br />\n#0 [internal function]: yii\\base\\ErrorHandler-&gt;handleError(2, &#039;unlink(C:\\\\larag...&#039;, &#039;C:\\\\laragon\\\\www\\\\...&#039;, 168)<br />\n#1 C:\\laragon\\www\\ecommerce\\modules\\productos\\controllers\\MarcasController.php(168): unlink(&#039;C:\\\\laragon\\\\www\\\\...&#039;)<br />\n#2 [internal function]: app\\modules\\productos\\controllers\\MarcasController-&gt;actionUpdate(&#039;2&#039;)<br />\n#3 C:\\laragon\\www\\ecommerce\\vendor\\yiisoft\\yii2\\base\\InlineAction.php(57): call_user_func_array(Array, Array)<br />\n#4 C:\\laragon\\www\\ecommerce\\vendor\\yiisoft\\yii2\\base\\Controller.php(178): yii\\base\\InlineAction-&gt;runWithParams(Array)<br />\n#5 C:\\laragon\\www\\ecommerce\\vendor\\yiisoft\\yii2\\base\\Module.php(552): yii\\base\\Controller-&gt;runAction(&#039;update&#039;, Array)<br />\n#6 C:\\laragon\\www\\ecommerce\\vendor\\yiisoft\\yii2\\web\\Application.php(103): yii\\base\\Module-&gt;runAction(&#039;productos/marca...&#039;, Array)<br />\n#7 C:\\laragon\\www\\ecommerce\\vendor\\yiisoft\\yii2\\base\\Application.php(384): yii\\web\\Application-&gt;handleRequest(Object(yii\\web\\Request))<br />\n#8 C:\\laragon\\www\\ecommerce\\web\\index.php(12): yii\\base\\Application-&gt;run()<br />\n#9 {main}', 1, '2023-04-25 01:28:13'),
(20, 'marcas/update', 'yii\\base\\ErrorException: unlink(C:\\laragon\\www\\ecommerce/web/ecommerce/web/marcas/tykrQVkk1FO9OBttlUg0ZQERu4Tul9KG.png): No such file or directory in C:\\laragon\\www\\ecommerce\\modules\\productos\\controllers\\MarcasController.php:152<br />\nStack trace:<br />\n#0 [internal function]: yii\\base\\ErrorHandler-&gt;handleError(2, &#039;unlink(C:\\\\larag...&#039;, &#039;C:\\\\laragon\\\\www\\\\...&#039;, 152)<br />\n#1 C:\\laragon\\www\\ecommerce\\modules\\productos\\controllers\\MarcasController.php(152): unlink(&#039;C:\\\\laragon\\\\www\\\\...&#039;)<br />\n#2 [internal function]: app\\modules\\productos\\controllers\\MarcasController-&gt;actionUpdate(&#039;2&#039;)<br />\n#3 C:\\laragon\\www\\ecommerce\\vendor\\yiisoft\\yii2\\base\\InlineAction.php(57): call_user_func_array(Array, Array)<br />\n#4 C:\\laragon\\www\\ecommerce\\vendor\\yiisoft\\yii2\\base\\Controller.php(178): yii\\base\\InlineAction-&gt;runWithParams(Array)<br />\n#5 C:\\laragon\\www\\ecommerce\\vendor\\yiisoft\\yii2\\base\\Module.php(552): yii\\base\\Controller-&gt;runAction(&#039;update&#039;, Array)<br />\n#6 C:\\laragon\\www\\ecommerce\\vendor\\yiisoft\\yii2\\web\\Application.php(103): yii\\base\\Module-&gt;runAction(&#039;productos/marca...&#039;, Array)<br />\n#7 C:\\laragon\\www\\ecommerce\\vendor\\yiisoft\\yii2\\base\\Application.php(384): yii\\web\\Application-&gt;handleRequest(Object(yii\\web\\Request))<br />\n#8 C:\\laragon\\www\\ecommerce\\web\\index.php(12): yii\\base\\Application-&gt;run()<br />\n#9 {main}', 1, '2023-04-25 09:31:21'),
(21, 'marcas/update', 'yii\\base\\ErrorException: unlink(C:\\laragon\\www\\ecommerce/web/marcas//ecommerce/web/marcas/tykrQVkk1FO9OBttlUg0ZQERu4Tul9KG.png): No such file or directory in C:\\laragon\\www\\ecommerce\\modules\\productos\\controllers\\MarcasController.php:152<br />\nStack trace:<br />\n#0 [internal function]: yii\\base\\ErrorHandler-&gt;handleError(2, &#039;unlink(C:\\\\larag...&#039;, &#039;C:\\\\laragon\\\\www\\\\...&#039;, 152)<br />\n#1 C:\\laragon\\www\\ecommerce\\modules\\productos\\controllers\\MarcasController.php(152): unlink(&#039;C:\\\\laragon\\\\www\\\\...&#039;)<br />\n#2 [internal function]: app\\modules\\productos\\controllers\\MarcasController-&gt;actionUpdate(&#039;2&#039;)<br />\n#3 C:\\laragon\\www\\ecommerce\\vendor\\yiisoft\\yii2\\base\\InlineAction.php(57): call_user_func_array(Array, Array)<br />\n#4 C:\\laragon\\www\\ecommerce\\vendor\\yiisoft\\yii2\\base\\Controller.php(178): yii\\base\\InlineAction-&gt;runWithParams(Array)<br />\n#5 C:\\laragon\\www\\ecommerce\\vendor\\yiisoft\\yii2\\base\\Module.php(552): yii\\base\\Controller-&gt;runAction(&#039;update&#039;, Array)<br />\n#6 C:\\laragon\\www\\ecommerce\\vendor\\yiisoft\\yii2\\web\\Application.php(103): yii\\base\\Module-&gt;runAction(&#039;productos/marca...&#039;, Array)<br />\n#7 C:\\laragon\\www\\ecommerce\\vendor\\yiisoft\\yii2\\base\\Application.php(384): yii\\web\\Application-&gt;handleRequest(Object(yii\\web\\Request))<br />\n#8 C:\\laragon\\www\\ecommerce\\web\\index.php(12): yii\\base\\Application-&gt;run()<br />\n#9 {main}', 1, '2023-04-25 09:50:26'),
(22, 'marcas/update', 'yii\\base\\ErrorException: unlink(C:\\laragon\\www\\ecommerceweb\\marcas/ecommerce/web/marcas/tykrQVkk1FO9OBttlUg0ZQERu4Tul9KG.png): No such file or directory in C:\\laragon\\www\\ecommerce\\modules\\productos\\controllers\\MarcasController.php:152<br />\nStack trace:<br />\n#0 [internal function]: yii\\base\\ErrorHandler-&gt;handleError(2, &#039;unlink(C:\\\\larag...&#039;, &#039;C:\\\\laragon\\\\www\\\\...&#039;, 152)<br />\n#1 C:\\laragon\\www\\ecommerce\\modules\\productos\\controllers\\MarcasController.php(152): unlink(&#039;C:\\\\laragon\\\\www\\\\...&#039;)<br />\n#2 [internal function]: app\\modules\\productos\\controllers\\MarcasController-&gt;actionUpdate(&#039;2&#039;)<br />\n#3 C:\\laragon\\www\\ecommerce\\vendor\\yiisoft\\yii2\\base\\InlineAction.php(57): call_user_func_array(Array, Array)<br />\n#4 C:\\laragon\\www\\ecommerce\\vendor\\yiisoft\\yii2\\base\\Controller.php(178): yii\\base\\InlineAction-&gt;runWithParams(Array)<br />\n#5 C:\\laragon\\www\\ecommerce\\vendor\\yiisoft\\yii2\\base\\Module.php(552): yii\\base\\Controller-&gt;runAction(&#039;update&#039;, Array)<br />\n#6 C:\\laragon\\www\\ecommerce\\vendor\\yiisoft\\yii2\\web\\Application.php(103): yii\\base\\Module-&gt;runAction(&#039;productos/marca...&#039;, Array)<br />\n#7 C:\\laragon\\www\\ecommerce\\vendor\\yiisoft\\yii2\\base\\Application.php(384): yii\\web\\Application-&gt;handleRequest(Object(yii\\web\\Request))<br />\n#8 C:\\laragon\\www\\ecommerce\\web\\index.php(12): yii\\base\\Application-&gt;run()<br />\n#9 {main}', 1, '2023-04-25 09:51:24'),
(23, 'marcas/update', 'yii\\base\\ErrorException: unlink(C:\\laragon\\www\\ecommerce/web/ecommerce/web/marcas/tykrQVkk1FO9OBttlUg0ZQERu4Tul9KG.png): No such file or directory in C:\\laragon\\www\\ecommerce\\modules\\productos\\controllers\\MarcasController.php:152<br />\nStack trace:<br />\n#0 [internal function]: yii\\base\\ErrorHandler-&gt;handleError(2, &#039;unlink(C:\\\\larag...&#039;, &#039;C:\\\\laragon\\\\www\\\\...&#039;, 152)<br />\n#1 C:\\laragon\\www\\ecommerce\\modules\\productos\\controllers\\MarcasController.php(152): unlink(&#039;C:\\\\laragon\\\\www\\\\...&#039;)<br />\n#2 [internal function]: app\\modules\\productos\\controllers\\MarcasController-&gt;actionUpdate(&#039;2&#039;)<br />\n#3 C:\\laragon\\www\\ecommerce\\vendor\\yiisoft\\yii2\\base\\InlineAction.php(57): call_user_func_array(Array, Array)<br />\n#4 C:\\laragon\\www\\ecommerce\\vendor\\yiisoft\\yii2\\base\\Controller.php(178): yii\\base\\InlineAction-&gt;runWithParams(Array)<br />\n#5 C:\\laragon\\www\\ecommerce\\vendor\\yiisoft\\yii2\\base\\Module.php(552): yii\\base\\Controller-&gt;runAction(&#039;update&#039;, Array)<br />\n#6 C:\\laragon\\www\\ecommerce\\vendor\\yiisoft\\yii2\\web\\Application.php(103): yii\\base\\Module-&gt;runAction(&#039;productos/marca...&#039;, Array)<br />\n#7 C:\\laragon\\www\\ecommerce\\vendor\\yiisoft\\yii2\\base\\Application.php(384): yii\\web\\Application-&gt;handleRequest(Object(yii\\web\\Request))<br />\n#8 C:\\laragon\\www\\ecommerce\\web\\index.php(12): yii\\base\\Application-&gt;run()<br />\n#9 {main}', 1, '2023-04-25 09:51:50'),
(24, 'marcas/update', 'yii\\base\\ErrorException: unlink(C:\\laragon\\www\\ecommerce/web/ecommerce/web/marcas/tykrQVkk1FO9OBttlUg0ZQERu4Tul9KG.png): No such file or directory in C:\\laragon\\www\\ecommerce\\modules\\productos\\controllers\\MarcasController.php:152<br />\nStack trace:<br />\n#0 [internal function]: yii\\base\\ErrorHandler-&gt;handleError(2, &#039;unlink(C:\\\\larag...&#039;, &#039;C:\\\\laragon\\\\www\\\\...&#039;, 152)<br />\n#1 C:\\laragon\\www\\ecommerce\\modules\\productos\\controllers\\MarcasController.php(152): unlink(&#039;C:\\\\laragon\\\\www\\\\...&#039;)<br />\n#2 [internal function]: app\\modules\\productos\\controllers\\MarcasController-&gt;actionUpdate(&#039;2&#039;)<br />\n#3 C:\\laragon\\www\\ecommerce\\vendor\\yiisoft\\yii2\\base\\InlineAction.php(57): call_user_func_array(Array, Array)<br />\n#4 C:\\laragon\\www\\ecommerce\\vendor\\yiisoft\\yii2\\base\\Controller.php(178): yii\\base\\InlineAction-&gt;runWithParams(Array)<br />\n#5 C:\\laragon\\www\\ecommerce\\vendor\\yiisoft\\yii2\\base\\Module.php(552): yii\\base\\Controller-&gt;runAction(&#039;update&#039;, Array)<br />\n#6 C:\\laragon\\www\\ecommerce\\vendor\\yiisoft\\yii2\\web\\Application.php(103): yii\\base\\Module-&gt;runAction(&#039;productos/marca...&#039;, Array)<br />\n#7 C:\\laragon\\www\\ecommerce\\vendor\\yiisoft\\yii2\\base\\Application.php(384): yii\\web\\Application-&gt;handleRequest(Object(yii\\web\\Request))<br />\n#8 C:\\laragon\\www\\ecommerce\\web\\index.php(12): yii\\base\\Application-&gt;run()<br />\n#9 {main}', 1, '2023-04-25 09:54:48'),
(25, 'marcas/update', 'yii\\base\\ErrorException: unlink(C:\\laragon\\www\\ecommerce/web): Is a directory in C:\\laragon\\www\\ecommerce\\modules\\productos\\controllers\\MarcasController.php:152<br />\nStack trace:<br />\n#0 [internal function]: yii\\base\\ErrorHandler-&gt;handleError(2, &#039;unlink(C:\\\\larag...&#039;, &#039;C:\\\\laragon\\\\www\\\\...&#039;, 152)<br />\n#1 C:\\laragon\\www\\ecommerce\\modules\\productos\\controllers\\MarcasController.php(152): unlink(&#039;C:\\\\laragon\\\\www\\\\...&#039;)<br />\n#2 [internal function]: app\\modules\\productos\\controllers\\MarcasController-&gt;actionUpdate(&#039;2&#039;)<br />\n#3 C:\\laragon\\www\\ecommerce\\vendor\\yiisoft\\yii2\\base\\InlineAction.php(57): call_user_func_array(Array, Array)<br />\n#4 C:\\laragon\\www\\ecommerce\\vendor\\yiisoft\\yii2\\base\\Controller.php(178): yii\\base\\InlineAction-&gt;runWithParams(Array)<br />\n#5 C:\\laragon\\www\\ecommerce\\vendor\\yiisoft\\yii2\\base\\Module.php(552): yii\\base\\Controller-&gt;runAction(&#039;update&#039;, Array)<br />\n#6 C:\\laragon\\www\\ecommerce\\vendor\\yiisoft\\yii2\\web\\Application.php(103): yii\\base\\Module-&gt;runAction(&#039;productos/marca...&#039;, Array)<br />\n#7 C:\\laragon\\www\\ecommerce\\vendor\\yiisoft\\yii2\\base\\Application.php(384): yii\\web\\Application-&gt;handleRequest(Object(yii\\web\\Request))<br />\n#8 C:\\laragon\\www\\ecommerce\\web\\index.php(12): yii\\base\\Application-&gt;run()<br />\n#9 {main}', 1, '2023-04-25 09:56:06'),
(26, 'marcas/update', 'yii\\base\\ErrorException: unlink(C:\\laragon\\www\\ecommerce/web): Is a directory in C:\\laragon\\www\\ecommerce\\modules\\productos\\controllers\\MarcasController.php:152<br />\nStack trace:<br />\n#0 [internal function]: yii\\base\\ErrorHandler-&gt;handleError(2, &#039;unlink(C:\\\\larag...&#039;, &#039;C:\\\\laragon\\\\www\\\\...&#039;, 152)<br />\n#1 C:\\laragon\\www\\ecommerce\\modules\\productos\\controllers\\MarcasController.php(152): unlink(&#039;C:\\\\laragon\\\\www\\\\...&#039;)<br />\n#2 [internal function]: app\\modules\\productos\\controllers\\MarcasController-&gt;actionUpdate(&#039;2&#039;)<br />\n#3 C:\\laragon\\www\\ecommerce\\vendor\\yiisoft\\yii2\\base\\InlineAction.php(57): call_user_func_array(Array, Array)<br />\n#4 C:\\laragon\\www\\ecommerce\\vendor\\yiisoft\\yii2\\base\\Controller.php(178): yii\\base\\InlineAction-&gt;runWithParams(Array)<br />\n#5 C:\\laragon\\www\\ecommerce\\vendor\\yiisoft\\yii2\\base\\Module.php(552): yii\\base\\Controller-&gt;runAction(&#039;update&#039;, Array)<br />\n#6 C:\\laragon\\www\\ecommerce\\vendor\\yiisoft\\yii2\\web\\Application.php(103): yii\\base\\Module-&gt;runAction(&#039;productos/marca...&#039;, Array)<br />\n#7 C:\\laragon\\www\\ecommerce\\vendor\\yiisoft\\yii2\\base\\Application.php(384): yii\\web\\Application-&gt;handleRequest(Object(yii\\web\\Request))<br />\n#8 C:\\laragon\\www\\ecommerce\\web\\index.php(12): yii\\base\\Application-&gt;run()<br />\n#9 {main}', 1, '2023-04-25 10:01:51'),
(27, 'marcas/update', 'yii\\base\\ErrorException: unlink(C:\\laragon\\www\\ecommerce/web): Is a directory in C:\\laragon\\www\\ecommerce\\modules\\productos\\controllers\\MarcasController.php:152<br />\nStack trace:<br />\n#0 [internal function]: yii\\base\\ErrorHandler-&gt;handleError(2, &#039;unlink(C:\\\\larag...&#039;, &#039;C:\\\\laragon\\\\www\\\\...&#039;, 152)<br />\n#1 C:\\laragon\\www\\ecommerce\\modules\\productos\\controllers\\MarcasController.php(152): unlink(&#039;C:\\\\laragon\\\\www\\\\...&#039;)<br />\n#2 [internal function]: app\\modules\\productos\\controllers\\MarcasController-&gt;actionUpdate(&#039;1&#039;)<br />\n#3 C:\\laragon\\www\\ecommerce\\vendor\\yiisoft\\yii2\\base\\InlineAction.php(57): call_user_func_array(Array, Array)<br />\n#4 C:\\laragon\\www\\ecommerce\\vendor\\yiisoft\\yii2\\base\\Controller.php(178): yii\\base\\InlineAction-&gt;runWithParams(Array)<br />\n#5 C:\\laragon\\www\\ecommerce\\vendor\\yiisoft\\yii2\\base\\Module.php(552): yii\\base\\Controller-&gt;runAction(&#039;update&#039;, Array)<br />\n#6 C:\\laragon\\www\\ecommerce\\vendor\\yiisoft\\yii2\\web\\Application.php(103): yii\\base\\Module-&gt;runAction(&#039;productos/marca...&#039;, Array)<br />\n#7 C:\\laragon\\www\\ecommerce\\vendor\\yiisoft\\yii2\\base\\Application.php(384): yii\\web\\Application-&gt;handleRequest(Object(yii\\web\\Request))<br />\n#8 C:\\laragon\\www\\ecommerce\\web\\index.php(12): yii\\base\\Application-&gt;run()<br />\n#9 {main}', 1, '2023-04-25 10:40:22'),
(28, 'marcas/update', 'yii\\base\\ErrorException: unlink(C:\\laragon\\www\\ecommerce/web): Is a directory in C:\\laragon\\www\\ecommerce\\modules\\productos\\controllers\\MarcasController.php:152<br />\nStack trace:<br />\n#0 [internal function]: yii\\base\\ErrorHandler-&gt;handleError(2, &#039;unlink(C:\\\\larag...&#039;, &#039;C:\\\\laragon\\\\www\\\\...&#039;, 152)<br />\n#1 C:\\laragon\\www\\ecommerce\\modules\\productos\\controllers\\MarcasController.php(152): unlink(&#039;C:\\\\laragon\\\\www\\\\...&#039;)<br />\n#2 [internal function]: app\\modules\\productos\\controllers\\MarcasController-&gt;actionUpdate(&#039;1&#039;)<br />\n#3 C:\\laragon\\www\\ecommerce\\vendor\\yiisoft\\yii2\\base\\InlineAction.php(57): call_user_func_array(Array, Array)<br />\n#4 C:\\laragon\\www\\ecommerce\\vendor\\yiisoft\\yii2\\base\\Controller.php(178): yii\\base\\InlineAction-&gt;runWithParams(Array)<br />\n#5 C:\\laragon\\www\\ecommerce\\vendor\\yiisoft\\yii2\\base\\Module.php(552): yii\\base\\Controller-&gt;runAction(&#039;update&#039;, Array)<br />\n#6 C:\\laragon\\www\\ecommerce\\vendor\\yiisoft\\yii2\\web\\Application.php(103): yii\\base\\Module-&gt;runAction(&#039;productos/marca...&#039;, Array)<br />\n#7 C:\\laragon\\www\\ecommerce\\vendor\\yiisoft\\yii2\\base\\Application.php(384): yii\\web\\Application-&gt;handleRequest(Object(yii\\web\\Request))<br />\n#8 C:\\laragon\\www\\ecommerce\\web\\index.php(12): yii\\base\\Application-&gt;run()<br />\n#9 {main}', 1, '2023-04-25 10:44:48'),
(29, 'marcas/update', 'yii\\base\\ErrorException: unlink(C:\\laragon\\www\\ecommerce/web): Is a directory in C:\\laragon\\www\\ecommerce\\modules\\productos\\controllers\\MarcasController.php:152<br />\nStack trace:<br />\n#0 [internal function]: yii\\base\\ErrorHandler-&gt;handleError(2, &#039;unlink(C:\\\\larag...&#039;, &#039;C:\\\\laragon\\\\www\\\\...&#039;, 152)<br />\n#1 C:\\laragon\\www\\ecommerce\\modules\\productos\\controllers\\MarcasController.php(152): unlink(&#039;C:\\\\laragon\\\\www\\\\...&#039;)<br />\n#2 [internal function]: app\\modules\\productos\\controllers\\MarcasController-&gt;actionUpdate(&#039;1&#039;)<br />\n#3 C:\\laragon\\www\\ecommerce\\vendor\\yiisoft\\yii2\\base\\InlineAction.php(57): call_user_func_array(Array, Array)<br />\n#4 C:\\laragon\\www\\ecommerce\\vendor\\yiisoft\\yii2\\base\\Controller.php(178): yii\\base\\InlineAction-&gt;runWithParams(Array)<br />\n#5 C:\\laragon\\www\\ecommerce\\vendor\\yiisoft\\yii2\\base\\Module.php(552): yii\\base\\Controller-&gt;runAction(&#039;update&#039;, Array)<br />\n#6 C:\\laragon\\www\\ecommerce\\vendor\\yiisoft\\yii2\\web\\Application.php(103): yii\\base\\Module-&gt;runAction(&#039;productos/marca...&#039;, Array)<br />\n#7 C:\\laragon\\www\\ecommerce\\vendor\\yiisoft\\yii2\\base\\Application.php(384): yii\\web\\Application-&gt;handleRequest(Object(yii\\web\\Request))<br />\n#8 C:\\laragon\\www\\ecommerce\\web\\index.php(12): yii\\base\\Application-&gt;run()<br />\n#9 {main}', 1, '2023-04-25 10:45:32');

-- --------------------------------------------------------

--
-- Table structure for table `tbl_marcas`
--

CREATE TABLE `tbl_marcas` (
  `id_marca` int NOT NULL,
  `nombre` varchar(50) NOT NULL,
  `descripcion` text,
  `imagen` varchar(255) DEFAULT NULL,
  `fecha_ing` datetime DEFAULT NULL,
  `id_usuario_ing` int DEFAULT NULL,
  `fecha_mod` datetime DEFAULT NULL,
  `id_usuario_mod` int DEFAULT NULL,
  `estado` tinyint(1) NOT NULL
) ENGINE=InnoDB DEFAULT CHARSET=utf8mb3;

--
-- Dumping data for table `tbl_marcas`
--

INSERT INTO `tbl_marcas` (`id_marca`, `nombre`, `descripcion`, `imagen`, `fecha_ing`, `id_usuario_ing`, `fecha_mod`, `id_usuario_mod`, `estado`) VALUES
(1, 'Nintendo', '<p>\"Lorem ipsum dolor sit amet, consectetur adipiscing elit, sed do eiusmod\r\n tempor incididunt ut labore et dolore magna aliqua. Ut enim ad minim \r\nveniam, quis nostrud exercitation ullamco laboris nisi ut aliquip ex ea \r\ncommodo consequat. Duis aute irure dolor in reprehenderit in voluptate \r\nvelit esse cillum dolore eu fugiat nulla pariatur. Excepteur sint \r\noccaecat cupidatat non proident, sunt in culpa qui officia deserunt \r\nmollit anim id est laborum.\"</p>', '/marcas/H7GVPtCQQJt_bS71Q-Oj1c2fAcyXwTsZ.png', '2023-04-11 19:24:34', 1, '2023-04-26 00:23:14', 1, 1),
(2, 'Sony', '<p>\"Lorem ipsum dolor sit amet, consectetur adipiscing elit, sed do eiusmod\r\n tempor incididunt ut labore et dolore magna aliqua. Ut enim ad minim \r\nveniam, quis nostrud exercitation ullamco laboris nisi ut aliquip ex ea \r\ncommodo consequat. Duis aute irure dolor in reprehenderit in voluptate \r\nvelit esse cillum dolore eu fugiat nulla pariatur. Excepteur sint \r\noccaecat cupidatat non proident, sunt in culpa qui officia deserunt \r\nmollit anim id est laborum.\"</p>', '/marcas/B8S6F806lvftSLOwJFv2S6Rk79wAZeXe.jpg', '2023-04-11 19:57:12', 1, '2023-04-25 11:04:31', 1, 1),
(3, 'Microsoft', '<p>\"Lorem ipsum dolor sit amet, consectetur adipiscing elit, sed do eiusmod\r\n tempor incididunt ut labore et dolore magna aliqua. Ut enim ad minim \r\nveniam, quis nostrud exercitation ullamco laboris nisi ut aliquip ex ea \r\ncommodo consequat. Duis aute irure dolor in reprehenderit in voluptate \r\nvelit esse cillum dolore eu fugiat nulla pariatur. Excepteur sint \r\noccaecat cupidatat non proident, sunt in culpa qui officia deserunt \r\nmollit anim id est laborum.\"</p>', '/marcas/RtTVcGEQESahmPVskRJoMde8xT6cPqi2.png', '2023-04-12 19:57:55', 1, '2023-04-25 11:07:26', 1, 1),
(4, 'LG', '<p>\"Lorem ipsum dolor sit amet, consectetur adipiscing elit, sed do eiusmod\r\n tempor incididunt ut labore et dolore magna aliqua. Ut enim ad minim \r\nveniam, quis nostrud exercitation ullamco laboris nisi ut aliquip ex ea \r\ncommodo consequat. Duis aute irure dolor in reprehenderit in voluptate \r\nvelit esse cillum dolore eu fugiat nulla pariatur. Excepteur sint \r\noccaecat cupidatat non proident, sunt in culpa qui officia deserunt \r\nmollit anim id est laborum.\"</p>', '/marcas/bxU3qlCAfk9NMdpTPrDt-2g5VOGKUm-G.png', '2023-04-13 19:58:18', 1, '2023-04-25 11:07:36', 1, 1),
(5, 'Apple', '<p>\"Lorem ipsum dolor sit amet, consectetur adipiscing elit, sed do eiusmod\r\n tempor incididunt ut labore et dolore magna aliqua. Ut enim ad minim \r\nveniam, quis nostrud exercitation ullamco laboris nisi ut aliquip ex ea \r\ncommodo consequat. Duis aute irure dolor in reprehenderit in voluptate \r\nvelit esse cillum dolore eu fugiat nulla pariatur. Excepteur sint \r\noccaecat cupidatat non proident, sunt in culpa qui officia deserunt \r\nmollit anim id est laborum.\"</p>', '/marcas/Cz42roXvcxPObSwO9hftdLw64uuWOI9o.png', '2023-04-14 19:58:43', 1, '2023-04-25 11:07:48', 1, 1),
(6, 'SAMSUNG', '<p>\"Lorem ipsum dolor sit amet, consectetur adipiscing elit, sed do eiusmod\r\n tempor incididunt ut labore et dolore magna aliqua. Ut enim ad minim \r\nveniam, quis nostrud exercitation ullamco laboris nisi ut aliquip ex ea \r\ncommodo consequat. Duis aute irure dolor in reprehenderit in voluptate \r\nvelit esse cillum dolore eu fugiat nulla pariatur. Excepteur sint \r\noccaecat cupidatat non proident, sunt in culpa qui officia deserunt \r\nmollit anim id est laborum.\"</p>', '/marcas/tIopubhx1sfXUSvQpTJc3y2f3-jt1-A6.png', '2023-04-14 19:59:09', 1, '2023-04-25 16:46:08', 1, 1);

-- --------------------------------------------------------

--
-- Table structure for table `tbl_productos`
--

CREATE TABLE `tbl_productos` (
  `id_producto` int NOT NULL,
  `nombre` varchar(100) NOT NULL,
  `sku` varchar(100) NOT NULL,
  `descripcion` text,
  `precio` decimal(10,2) NOT NULL,
  `id_categoria` int NOT NULL,
  `id_sub_categoria` int NOT NULL,
  `id_marca` int NOT NULL,
  `fecha_ing` datetime DEFAULT NULL,
  `id_usuario_ing` int DEFAULT NULL,
  `fecha_mod` datetime DEFAULT NULL,
  `id_usuario_mod` int DEFAULT NULL,
  `estado` tinyint(1) NOT NULL
) ENGINE=InnoDB DEFAULT CHARSET=utf8mb3;

-- --------------------------------------------------------

--
-- Table structure for table `tbl_productos_imagenes`
--

CREATE TABLE `tbl_productos_imagenes` (
  `id_producto_imagen` int NOT NULL,
  `id_producto` int NOT NULL,
  `imagen` varchar(255) CHARACTER SET utf8mb4 COLLATE utf8mb4_bin NOT NULL,
  `principal` tinyint(1) NOT NULL,
  `fecha_ing` datetime DEFAULT NULL,
  `id_usuario_ing` int DEFAULT NULL
) ENGINE=InnoDB DEFAULT CHARSET=utf8mb4 COLLATE=utf8mb4_bin;

-- --------------------------------------------------------

--
-- Table structure for table `tbl_sub_categorias`
--

CREATE TABLE `tbl_sub_categorias` (
  `id_sub_categoria` int NOT NULL,
  `id_categoria` int NOT NULL,
  `nombre` varchar(50) NOT NULL,
  `descripcion` text,
  `fecha_ing` datetime DEFAULT NULL,
  `id_usuario_ing` int DEFAULT NULL,
  `fecha_mod` datetime DEFAULT NULL,
  `id_usuario_mod` int DEFAULT NULL,
  `estado` tinyint(1) NOT NULL
) ENGINE=InnoDB DEFAULT CHARSET=utf8mb3;

--
-- Dumping data for table `tbl_sub_categorias`
--

INSERT INTO `tbl_sub_categorias` (`id_sub_categoria`, `id_categoria`, `nombre`, `descripcion`, `fecha_ing`, `id_usuario_ing`, `fecha_mod`, `id_usuario_mod`, `estado`) VALUES
(1, 1, 'Consolas', '<p>\"Lorem ipsum dolor sit amet, consectetur adipiscing elit, sed do eiusmod\r\n tempor incididunt ut labore et dolore magna aliqua. Ut enim ad minim \r\nveniam, quis nostrud exercitation ullamco laboris nisi ut aliquip ex ea \r\ncommodo consequat. Duis aute irure dolor in reprehenderit in voluptate \r\nvelit esse cillum dolore eu fugiat nulla pariatur. Excepteur sint \r\noccaecat cupidatat non proident, sunt in culpa qui officia deserunt \r\nmollit anim id est laborum.\"</p>', '2023-04-11 01:22:26', 1, '2023-04-11 01:32:37', 1, 1),
(2, 1, 'Video Juegos', '<p>\"Lorem ipsum dolor sit amet, consectetur adipiscing elit, sed do eiusmod\r\n tempor incididunt ut labore et dolore magna aliqua. Ut enim ad minim \r\nveniam, quis nostrud exercitation ullamco laboris nisi ut aliquip ex ea \r\ncommodo consequat. Duis aute irure dolor in reprehenderit in voluptate \r\nvelit esse cillum dolore eu fugiat nulla pariatur. Excepteur sint \r\noccaecat cupidatat non proident, sunt in culpa qui officia deserunt \r\nmollit anim id est laborum.\"</p>', '2023-04-11 01:42:26', 1, '2023-04-11 01:42:26', 1, 1),
(3, 1, 'Computadoras', '<p>\"Lorem ipsum dolor sit amet, consectetur adipiscing elit, sed do eiusmod\r\n tempor incididunt ut labore et dolore magna aliqua. Ut enim ad minim \r\nveniam, quis nostrud exercitation ullamco laboris nisi ut aliquip ex ea \r\ncommodo consequat. Duis aute irure dolor in reprehenderit in voluptate \r\nvelit esse cillum dolore eu fugiat nulla pariatur. Excepteur sint \r\noccaecat cupidatat non proident, sunt in culpa qui officia deserunt \r\nmollit anim id est laborum.\"</p>', '2023-04-11 01:42:26', 1, '2023-04-11 01:42:26', 1, 1),
(4, 1, 'Camaras', '<p>\"Lorem ipsum dolor sit amet, consectetur adipiscing elit, sed do eiusmod\r\n tempor incididunt ut labore et dolore magna aliqua. Ut enim ad minim \r\nveniam, quis nostrud exercitation ullamco laboris nisi ut aliquip ex ea \r\ncommodo consequat. Duis aute irure dolor in reprehenderit in voluptate \r\nvelit esse cillum dolore eu fugiat nulla pariatur. Excepteur sint \r\noccaecat cupidatat non proident, sunt in culpa qui officia deserunt \r\nmollit anim id est laborum.\"</p>', '2023-04-11 01:42:26', 1, '2023-04-11 01:42:26', 1, 1),
(5, 1, 'Laptops', '<p>\"Lorem ipsum dolor sit amet, consectetur adipiscing elit, sed do eiusmod\r\n tempor incididunt ut labore et dolore magna aliqua. Ut enim ad minim \r\nveniam, quis nostrud exercitation ullamco laboris nisi ut aliquip ex ea \r\ncommodo consequat. Duis aute irure dolor in reprehenderit in voluptate \r\nvelit esse cillum dolore eu fugiat nulla pariatur. Excepteur sint \r\noccaecat cupidatat non proident, sunt in culpa qui officia deserunt \r\nmollit anim id est laborum.\"</p>', '2023-04-11 01:42:26', 1, '2023-04-11 01:42:26', 1, 1),
(6, 3, 'Cocinas', '<p>\"Lorem ipsum dolor sit amet, consectetur adipiscing elit, sed do eiusmod\r\n tempor incididunt ut labore et dolore magna aliqua. Ut enim ad minim \r\nveniam, quis nostrud exercitation ullamco laboris nisi ut aliquip ex ea \r\ncommodo consequat. Duis aute irure dolor in reprehenderit in voluptate \r\nvelit esse cillum dolore eu fugiat nulla pariatur. Excepteur sint \r\noccaecat cupidatat non proident, sunt in culpa qui officia deserunt \r\nmollit anim id est laborum.\"</p>', '2023-04-11 01:42:26', 1, '2023-04-11 01:42:26', 1, 1),
(7, 3, 'Lavadoras', '<p>\"Lorem ipsum dolor sit amet, consectetur adipiscing elit, sed do eiusmod\r\n tempor incididunt ut labore et dolore magna aliqua. Ut enim ad minim \r\nveniam, quis nostrud exercitation ullamco laboris nisi ut aliquip ex ea \r\ncommodo consequat. Duis aute irure dolor in reprehenderit in voluptate \r\nvelit esse cillum dolore eu fugiat nulla pariatur. Excepteur sint \r\noccaecat cupidatat non proident, sunt in culpa qui officia deserunt \r\nmollit anim id est laborum.\"</p>', '2023-04-11 01:42:26', 1, '2023-04-11 01:42:26', 1, 1),
(8, 3, 'Secadoras', '<p>\"Lorem ipsum dolor sit amet, consectetur adipiscing elit, sed do eiusmod\r\n tempor incididunt ut labore et dolore magna aliqua. Ut enim ad minim \r\nveniam, quis nostrud exercitation ullamco laboris nisi ut aliquip ex ea \r\ncommodo consequat. Duis aute irure dolor in reprehenderit in voluptate \r\nvelit esse cillum dolore eu fugiat nulla pariatur. Excepteur sint \r\noccaecat cupidatat non proident, sunt in culpa qui officia deserunt \r\nmollit anim id est laborum.\"</p>', '2023-04-11 01:42:26', 1, '2023-04-11 01:42:26', 1, 1),
(9, 3, 'Refrigeradoras', '<p>\"Lorem ipsum dolor sit amet, consectetur adipiscing elit, sed do eiusmod\r\n tempor incididunt ut labore et dolore magna aliqua. Ut enim ad minim \r\nveniam, quis nostrud exercitation ullamco laboris nisi ut aliquip ex ea \r\ncommodo consequat. Duis aute irure dolor in reprehenderit in voluptate \r\nvelit esse cillum dolore eu fugiat nulla pariatur. Excepteur sint \r\noccaecat cupidatat non proident, sunt in culpa qui officia deserunt \r\nmollit anim id est laborum.\"</p>', '2023-04-11 01:42:26', 1, '2023-04-11 01:42:26', 1, 1);

-- --------------------------------------------------------

--
-- Table structure for table `tbl_usuarios`
--

CREATE TABLE `tbl_usuarios` (
  `id_usuario` int NOT NULL,
  `username` varchar(255) CHARACTER SET utf8mb3 COLLATE utf8mb3_unicode_ci NOT NULL,
  `nombre` varchar(255) CHARACTER SET utf8mb3 COLLATE utf8mb3_unicode_ci NOT NULL,
  `apellido` varchar(255) CHARACTER SET utf8mb3 COLLATE utf8mb3_unicode_ci NOT NULL,
  `auth_key` varchar(32) CHARACTER SET utf8mb3 COLLATE utf8mb3_unicode_ci NOT NULL,
  `password_hash` varchar(255) CHARACTER SET utf8mb3 COLLATE utf8mb3_unicode_ci NOT NULL,
  `email` varchar(255) CHARACTER SET utf8mb3 COLLATE utf8mb3_unicode_ci NOT NULL,
  `imagen` varchar(255) CHARACTER SET utf8mb3 COLLATE utf8mb3_unicode_ci DEFAULT NULL,
  `status` smallint NOT NULL DEFAULT '10',
  `created_at` int NOT NULL,
  `updated_at` int NOT NULL
) ENGINE=InnoDB DEFAULT CHARSET=utf8mb3 COLLATE=utf8mb3_unicode_ci;

--
-- Dumping data for table `tbl_usuarios`
--

INSERT INTO `tbl_usuarios` (`id_usuario`, `username`, `nombre`, `apellido`, `auth_key`, `password_hash`, `email`, `imagen`, `status`, `created_at`, `updated_at`) VALUES
(1, 'admin', 'James', 'Guevara', 'AxK42pI4nqEvIyBOBUJVfSR9oRTq-chL', '$2y$13$hQrQEsIKutJ6FrRy0/YyxeKE/A4a7vSz0qfOYN1u0GW.w7L6lam1C', 'admin@outlook.com', '/ecommerce/web/avatars/UVh7l0PQlr6XFExI1FeMzog3pGtAlmPx.gif', 1, 1677203598, 1677203598),
(2, 'demo', 'demo', 'demo', '_LDZ2AUvtDDoy36zC6bJhNgJRM9rYO3D', '$2y$13$o0rSCi/5gEx2cZpNt1Tm.OQsOvwtLduPRfvE1IhIUsEXOIYKXhKc2', 'demo@outlook.com', '/ecommerce/web/avatars/lWum6HO1LEjPFCfpx_dtAhPtbD0hwOJL.png', 1, 1677203935, 1677203935);

--
-- Indexes for dumped tables
--

--
-- Indexes for table `auth_assignment`
--
ALTER TABLE `auth_assignment`
  ADD PRIMARY KEY (`item_name`,`user_id`),
  ADD KEY `idx-auth_assignment-user_id` (`user_id`);

--
-- Indexes for table `auth_item`
--
ALTER TABLE `auth_item`
  ADD PRIMARY KEY (`name`),
  ADD KEY `rule_name` (`rule_name`),
  ADD KEY `idx-auth_item-type` (`type`);

--
-- Indexes for table `auth_item_child`
--
ALTER TABLE `auth_item_child`
  ADD PRIMARY KEY (`parent`,`child`),
  ADD KEY `child` (`child`);

--
-- Indexes for table `auth_rule`
--
ALTER TABLE `auth_rule`
  ADD PRIMARY KEY (`name`);

--
-- Indexes for table `tbl_bitacora`
--
ALTER TABLE `tbl_bitacora`
  ADD PRIMARY KEY (`id_bitacora`),
  ADD KEY `id_usuario` (`id_usuario`);

--
-- Indexes for table `tbl_categorias`
--
ALTER TABLE `tbl_categorias`
  ADD PRIMARY KEY (`id_categoria`),
  ADD KEY `id_usuario_ing` (`id_usuario_ing`),
  ADD KEY `id_usuario_mod` (`id_usuario_mod`);

--
-- Indexes for table `tbl_error_log`
--
ALTER TABLE `tbl_error_log`
  ADD PRIMARY KEY (`id_error_log`),
  ADD KEY `us_id` (`us_id`);

--
-- Indexes for table `tbl_marcas`
--
ALTER TABLE `tbl_marcas`
  ADD PRIMARY KEY (`id_marca`),
  ADD KEY `id_usuario_ing` (`id_usuario_ing`),
  ADD KEY `id_usuario_mod` (`id_usuario_mod`);

--
-- Indexes for table `tbl_productos`
--
ALTER TABLE `tbl_productos`
  ADD PRIMARY KEY (`id_producto`),
  ADD KEY `id_categoria` (`id_categoria`),
  ADD KEY `id_sub_categoria` (`id_sub_categoria`),
  ADD KEY `id_marca` (`id_marca`),
  ADD KEY `id_usuario_ing` (`id_usuario_ing`),
  ADD KEY `id_usuario_mod` (`id_usuario_mod`);

--
-- Indexes for table `tbl_productos_imagenes`
--
ALTER TABLE `tbl_productos_imagenes`
  ADD PRIMARY KEY (`id_producto_imagen`),
  ADD KEY `id_producto` (`id_producto`);

--
-- Indexes for table `tbl_sub_categorias`
--
ALTER TABLE `tbl_sub_categorias`
  ADD PRIMARY KEY (`id_sub_categoria`),
  ADD KEY `id_categoria` (`id_categoria`),
  ADD KEY `id_usuario_ing` (`id_usuario_ing`),
  ADD KEY `id_usuario_mod` (`id_usuario_mod`);

--
-- Indexes for table `tbl_usuarios`
--
ALTER TABLE `tbl_usuarios`
  ADD PRIMARY KEY (`id_usuario`),
  ADD UNIQUE KEY `username` (`username`),
  ADD UNIQUE KEY `email` (`email`);

--
-- AUTO_INCREMENT for dumped tables
--

--
-- AUTO_INCREMENT for table `tbl_bitacora`
--
ALTER TABLE `tbl_bitacora`
  MODIFY `id_bitacora` int NOT NULL AUTO_INCREMENT, AUTO_INCREMENT=80;

--
-- AUTO_INCREMENT for table `tbl_categorias`
--
ALTER TABLE `tbl_categorias`
  MODIFY `id_categoria` int NOT NULL AUTO_INCREMENT, AUTO_INCREMENT=5;

--
-- AUTO_INCREMENT for table `tbl_error_log`
--
ALTER TABLE `tbl_error_log`
  MODIFY `id_error_log` int NOT NULL AUTO_INCREMENT, AUTO_INCREMENT=30;

--
-- AUTO_INCREMENT for table `tbl_marcas`
--
ALTER TABLE `tbl_marcas`
  MODIFY `id_marca` int NOT NULL AUTO_INCREMENT, AUTO_INCREMENT=7;

--
-- AUTO_INCREMENT for table `tbl_productos`
--
ALTER TABLE `tbl_productos`
  MODIFY `id_producto` int NOT NULL AUTO_INCREMENT, AUTO_INCREMENT=8;

--
-- AUTO_INCREMENT for table `tbl_productos_imagenes`
--
ALTER TABLE `tbl_productos_imagenes`
  MODIFY `id_producto_imagen` int NOT NULL AUTO_INCREMENT, AUTO_INCREMENT=9;

--
-- AUTO_INCREMENT for table `tbl_sub_categorias`
--
ALTER TABLE `tbl_sub_categorias`
  MODIFY `id_sub_categoria` int NOT NULL AUTO_INCREMENT, AUTO_INCREMENT=10;

--
-- AUTO_INCREMENT for table `tbl_usuarios`
--
ALTER TABLE `tbl_usuarios`
  MODIFY `id_usuario` int NOT NULL AUTO_INCREMENT, AUTO_INCREMENT=3;

--
-- Constraints for dumped tables
--

--
-- Constraints for table `auth_assignment`
--
ALTER TABLE `auth_assignment`
  ADD CONSTRAINT `auth_assignment_ibfk_1` FOREIGN KEY (`item_name`) REFERENCES `auth_item` (`name`) ON DELETE CASCADE ON UPDATE CASCADE;

--
-- Constraints for table `auth_item`
--
ALTER TABLE `auth_item`
  ADD CONSTRAINT `auth_item_ibfk_1` FOREIGN KEY (`rule_name`) REFERENCES `auth_rule` (`name`) ON DELETE SET NULL ON UPDATE CASCADE;

--
-- Constraints for table `auth_item_child`
--
ALTER TABLE `auth_item_child`
  ADD CONSTRAINT `auth_item_child_ibfk_1` FOREIGN KEY (`parent`) REFERENCES `auth_item` (`name`) ON DELETE CASCADE ON UPDATE CASCADE,
  ADD CONSTRAINT `auth_item_child_ibfk_2` FOREIGN KEY (`child`) REFERENCES `auth_item` (`name`) ON DELETE CASCADE ON UPDATE CASCADE;

--
-- Constraints for table `tbl_bitacora`
--
ALTER TABLE `tbl_bitacora`
  ADD CONSTRAINT `tbl_bitacora_ibfk_1` FOREIGN KEY (`id_usuario`) REFERENCES `tbl_usuarios` (`id_usuario`);

--
-- Constraints for table `tbl_categorias`
--
ALTER TABLE `tbl_categorias`
  ADD CONSTRAINT `tbl_categorias_ibfk_1` FOREIGN KEY (`id_usuario_ing`) REFERENCES `tbl_usuarios` (`id_usuario`),
  ADD CONSTRAINT `tbl_categorias_ibfk_2` FOREIGN KEY (`id_usuario_mod`) REFERENCES `tbl_usuarios` (`id_usuario`);

--
-- Constraints for table `tbl_error_log`
--
ALTER TABLE `tbl_error_log`
  ADD CONSTRAINT `tbl_error_log_ibfk_1` FOREIGN KEY (`us_id`) REFERENCES `tbl_usuarios` (`id_usuario`);

--
-- Constraints for table `tbl_marcas`
--
ALTER TABLE `tbl_marcas`
  ADD CONSTRAINT `tbl_marcas_ibfk_1` FOREIGN KEY (`id_usuario_ing`) REFERENCES `tbl_usuarios` (`id_usuario`),
  ADD CONSTRAINT `tbl_marcas_ibfk_2` FOREIGN KEY (`id_usuario_mod`) REFERENCES `tbl_usuarios` (`id_usuario`);

--
-- Constraints for table `tbl_productos`
--
ALTER TABLE `tbl_productos`
  ADD CONSTRAINT `tbl_productos_ibfk_1` FOREIGN KEY (`id_categoria`) REFERENCES `tbl_categorias` (`id_categoria`),
  ADD CONSTRAINT `tbl_productos_ibfk_2` FOREIGN KEY (`id_sub_categoria`) REFERENCES `tbl_sub_categorias` (`id_sub_categoria`),
  ADD CONSTRAINT `tbl_productos_ibfk_3` FOREIGN KEY (`id_marca`) REFERENCES `tbl_marcas` (`id_marca`),
  ADD CONSTRAINT `tbl_productos_ibfk_4` FOREIGN KEY (`id_usuario_ing`) REFERENCES `tbl_usuarios` (`id_usuario`),
  ADD CONSTRAINT `tbl_productos_ibfk_5` FOREIGN KEY (`id_usuario_mod`) REFERENCES `tbl_usuarios` (`id_usuario`);

--
-- Constraints for table `tbl_productos_imagenes`
--
ALTER TABLE `tbl_productos_imagenes`
  ADD CONSTRAINT `tbl_productos_imagenes_ibfk_1` FOREIGN KEY (`id_producto`) REFERENCES `tbl_productos` (`id_producto`);

--
-- Constraints for table `tbl_sub_categorias`
--
ALTER TABLE `tbl_sub_categorias`
  ADD CONSTRAINT `tbl_sub_categorias_ibfk_1` FOREIGN KEY (`id_categoria`) REFERENCES `tbl_categorias` (`id_categoria`),
  ADD CONSTRAINT `tbl_sub_categorias_ibfk_2` FOREIGN KEY (`id_usuario_ing`) REFERENCES `tbl_usuarios` (`id_usuario`),
  ADD CONSTRAINT `tbl_sub_categorias_ibfk_3` FOREIGN KEY (`id_usuario_mod`) REFERENCES `tbl_usuarios` (`id_usuario`);
COMMIT;

/*!40101 SET CHARACTER_SET_CLIENT=@OLD_CHARACTER_SET_CLIENT */;
/*!40101 SET CHARACTER_SET_RESULTS=@OLD_CHARACTER_SET_RESULTS */;
/*!40101 SET COLLATION_CONNECTION=@OLD_COLLATION_CONNECTION */;
